AVAPS-LOG,UTC Date & Time,Session Time,Channel,Event or Error Message,Calling Context
AVAPS-LOG,2020-02-11 03:53:53.724Z,0.000,,*** AVAPS II SYSTEM LOG FILE ***
AVAPS-LOG,2020-02-11 03:53:58.770Z,5.046,,Serial port initialization complete: no errors.
AVAPS-LOG,2020-02-11 03:54:03.003Z,9.280,,GPS Reference Receiver UART 1 configuration commands sent
AVAPS-LOG,2020-02-11 03:54:07.407Z,13.683,,GPS Reference Receiver UART 2 configuration commands sent
AVAPS-LOG,2020-02-11 03:54:13.020Z,19.296,,Serial port initialization complete: no errors.
AVAPS-LOG,2020-02-11 03:54:15.157Z,21.434,,PC Clock set to: 2020-02-11 03:54:15.158 using GPS Reference Receiver data - PC Clock error was: 0.132 sec
AVAPS-LOG,2020-02-11 03:55:45.138Z,111.414,,Automated System Tests:  No Errors Detected...
AVAPS-LOG,2020-02-11 03:55:45.166Z,111.442,,Spectrum Analyzer program started
AVAPS-LOG,2020-02-11 03:55:45.166Z,111.442,,Aircraft Data Acq program started
AVAPS-LOG,2020-02-11 03:55:45.226Z,111.502,,Spectrum Analyzer Data Acq data log file created
AVAPS-LOG,2020-02-11 03:55:45.259Z,111.535,,Sounding Supervisor program started
AVAPS-LOG,2020-02-11 03:55:45.320Z,111.596,,GPS Reference Receiver (NMEA) data log file created
AVAPS-LOG,2020-02-11 03:55:45.320Z,111.596,,GPS Reference Data Acq (NMEA) program started
AVAPS-LOG,2020-02-11 03:55:45.321Z,111.597,,Aircraft Data Acq data log file created
AVAPS-LOG,2020-02-11 03:55:46.157Z,112.434,,PC Clock set to: 2020-02-11 03:55:46.158 using GPS Reference Receiver data - PC Clock error was: -0.010 sec
AVAPS-LOG,2020-02-11 04:45:40.068Z,3106.344,1,Sounding START request
AVAPS-LOG,2020-02-11 04:45:40.451Z,3106.727,1,Sounding files created
AVAPS-LOG,2020-02-11 04:45:41.158Z,3107.435,,PC Clock set to: 2020-02-11 04:45:41.159 using GPS Reference Receiver data - PC Clock error was: 0.069 sec
AVAPS-LOG,2020-02-11 04:45:51.378Z,3117.654,1,Sounding frequency 400.50 selected by operator
AVAPS-LOG,2020-02-11 04:46:03.488Z,3129.764,,Sonde 191810563 GPS Aiding OK for all 13 of 13 messages.
AVAPS-LOG,2020-02-11 04:46:14.931Z,3141.208,1,Sonde 191810563 factory pressure error value is 0.000 mb
AVAPS-LOG,2020-02-11 04:46:16.759Z,3143.035,1,Sonde 191810563 Preview OK by operator
AVAPS-LOG,2020-02-11 04:46:21.378Z,3147.654,1,Sounding data collection started by operator
AVAPS-LOG,2020-02-11 04:46:31.028Z,3157.305,1,CHANNEL 1 READY for launch
AVAPS-LOG,2020-02-11 04:47:07.779Z,3194.056,2,Sounding START request
AVAPS-LOG,2020-02-11 04:47:08.182Z,3194.459,2,Sounding files created
AVAPS-LOG,2020-02-11 04:47:11.278Z,3197.554,2,Sounding frequency 401.50 selected by operator
AVAPS-LOG,2020-02-11 04:47:23.008Z,3209.285,,Sonde 192620674 GPS Aiding OK for all 13 of 13 messages.
AVAPS-LOG,2020-02-11 04:47:37.182Z,3223.458,2,Sonde 192620674 factory pressure error value is 0.000 mb
AVAPS-LOG,2020-02-11 04:47:38.998Z,3225.275,2,Sonde 192620674 Preview OK by operator
AVAPS-LOG,2020-02-11 04:47:41.778Z,3228.055,2,Sounding data collection started by operator
AVAPS-LOG,2020-02-11 04:47:51.028Z,3237.304,2,CHANNEL 2 READY for launch
AVAPS-LOG,2020-02-11 04:50:09.028Z,3375.304,1,Sonde 191810563 Launch Detect; Launch Time 2020-02-11 04:50:05.000; Dfile Name D20200211_045005.1
AVAPS-LOG,2020-02-11 04:50:09.029Z,3375.305,1,Sounding Launch Obs identified OK; LLA source is Aircraft Data System
AVAPS-LOG,2020-02-11 04:50:50.780Z,3417.056,3,Sounding START request
AVAPS-LOG,2020-02-11 04:50:51.181Z,3417.458,3,Sounding files created
AVAPS-LOG,2020-02-11 04:50:54.778Z,3421.055,3,Sounding frequency 402.50 selected by operator
AVAPS-LOG,2020-02-11 04:51:06.608Z,3432.884,,Sonde 192620673 GPS Aiding OK for all 13 of 13 messages.
AVAPS-LOG,2020-02-11 04:51:29.182Z,3455.459,3,Sonde 192620673 factory pressure error value is 0.000 mb
AVAPS-LOG,2020-02-11 04:51:31.009Z,3457.285,3,Sonde 192620673 Preview OK by operator
AVAPS-LOG,2020-02-11 04:51:45.879Z,3472.156,3,Sounding data collection started by operator
AVAPS-LOG,2020-02-11 04:51:55.029Z,3481.305,3,CHANNEL 3 READY for launch
AVAPS-LOG,2020-02-11 04:52:38.807Z,3525.084,4,Sounding START request
AVAPS-LOG,2020-02-11 04:52:39.181Z,3525.458,4,Sounding files created
AVAPS-LOG,2020-02-11 04:52:47.578Z,3533.854,4,Sounding frequency 403.50 selected by operator
AVAPS-LOG,2020-02-11 04:53:02.398Z,3548.674,,Sonde 182340166 GPS Aiding OK for all 12 of 12 messages.
AVAPS-LOG,2020-02-11 04:53:29.780Z,3576.057,2,Sonde 192620674 Launch Detect; Launch Time 2020-02-11 04:53:25.750; Dfile Name D20200211_045326.2
AVAPS-LOG,2020-02-11 04:53:29.780Z,3576.057,2,Sounding Launch Obs identified OK; LLA source is Aircraft Data System
AVAPS-LOG,2020-02-11 04:53:37.931Z,3584.207,4,Sonde 182340166 pressure error value entered manually as -0.500 mb
AVAPS-LOG,2020-02-11 04:53:39.748Z,3586.024,4,Sonde 182340166 Preview OK by operator
AVAPS-LOG,2020-02-11 04:53:42.878Z,3589.154,4,Sounding data collection started by operator
AVAPS-LOG,2020-02-11 04:53:52.029Z,3598.305,4,CHANNEL 4 READY for launch
AVAPS-LOG,2020-02-11 04:54:58.727Z,3665.004,1,Sounding STOP request
AVAPS-LOG,2020-02-11 04:55:12.631Z,3678.907,1,Sounding files closed
AVAPS-LOG,2020-02-11 04:55:12.635Z,3678.911,1,Sounding files renamed
AVAPS-LOG,2020-02-11 04:55:12.818Z,3679.094,1,Sounding ENDED
AVAPS-LOG,2020-02-11 04:56:35.279Z,3761.555,3,Sonde 192620673 Launch Detect; Launch Time 2020-02-11 04:56:31.250; Dfile Name D20200211_045631.3
AVAPS-LOG,2020-02-11 04:56:35.279Z,3761.555,3,Sounding Launch Obs identified OK; LLA source is Aircraft Data System
AVAPS-LOG,2020-02-11 04:59:58.530Z,3964.806,4,Sonde 182340166 Launch Detect; Launch Time 2020-02-11 04:59:54.500; Dfile Name D20200211_045954.4
AVAPS-LOG,2020-02-11 04:59:58.531Z,3964.807,4,Sounding Launch Obs identified OK; LLA source is Aircraft Data System
AVAPS-LOG,2020-02-11 05:00:15.580Z,3981.856,2,Sounding STOP request
AVAPS-LOG,2020-02-11 05:00:22.428Z,3988.704,2,Sounding files closed
AVAPS-LOG,2020-02-11 05:00:22.431Z,3988.707,2,Sounding files renamed
AVAPS-LOG,2020-02-11 05:00:22.638Z,3988.914,2,Sounding ENDED
AVAPS-LOG,2020-02-11 05:01:55.207Z,4081.483,3,Sounding STOP request
AVAPS-LOG,2020-02-11 05:02:01.246Z,4087.522,3,Sounding files closed
AVAPS-LOG,2020-02-11 05:02:01.250Z,4087.526,3,Sounding files renamed
AVAPS-LOG,2020-02-11 05:02:01.446Z,4087.722,3,Sounding ENDED
AVAPS-LOG,2020-02-11 05:02:55.489Z,4141.765,5,Sounding START request
AVAPS-LOG,2020-02-11 05:02:55.782Z,4142.058,5,Sounding files created
AVAPS-LOG,2020-02-11 05:02:59.478Z,4145.754,5,Sounding frequency 404.50 selected by operator
AVAPS-LOG,2020-02-11 05:03:11.289Z,4157.565,,Sonde 192621048 GPS Aiding OK for all 12 of 12 messages.
AVAPS-LOG,2020-02-11 05:05:41.296Z,4307.572,,Sounding pre-launch program aborted by operator
AVAPS-LOG,2020-02-11 05:05:41.678Z,4307.954,5,Sonde 192621048 factory pressure error value is 0.000 mb
AVAPS-LOG,2020-02-11 05:05:41.680Z,4307.956,5,Sonde 192621048 Preview aborted by operator
AVAPS-LOG,2020-02-11 05:05:41.699Z,4307.975,5,Sounding files closed
AVAPS-LOG,2020-02-11 05:05:41.701Z,4307.977,5,Sounding files deleted
AVAPS-LOG,2020-02-11 05:05:41.701Z,4307.977,5,Sounding ENDED
AVAPS-LOG,2020-02-11 05:05:43.779Z,4310.056,5,Sounding START request
AVAPS-LOG,2020-02-11 05:05:44.181Z,4310.458,5,Sounding files created
AVAPS-LOG,2020-02-11 05:05:46.978Z,4313.255,5,Sounding frequency 404.50 selected by operator
AVAPS-LOG,2020-02-11 05:06:18.494Z,4344.771,,Sounding pre-launch program aborted by operator
AVAPS-LOG,2020-02-11 05:06:19.890Z,4346.167,,Prepare Sonde for Launch - Sonde Command Error: 
AVAPS-LOG,2020-02-11 05:06:31.903Z,4358.179,,Prepare Sonde for Launch - Sonde Command Error: 
AVAPS-LOG,2020-02-11 05:06:42.098Z,4368.374,5,Sounding files closed
AVAPS-LOG,2020-02-11 05:06:42.113Z,4368.389,5,Sounding files deleted
AVAPS-LOG,2020-02-11 05:06:42.113Z,4368.389,5,Sounding ENDED
AVAPS-LOG,2020-02-11 05:06:59.872Z,4386.148,5,Sounding START request
AVAPS-LOG,2020-02-11 05:07:00.182Z,4386.458,5,Sounding files created
AVAPS-LOG,2020-02-11 05:07:02.178Z,4388.454,5,Sounding frequency 404.50 selected by operator
AVAPS-LOG,2020-02-11 05:07:13.378Z,4399.655,,Sonde 191640226 GPS Aiding OK for all 11 of 11 messages.
AVAPS-LOG,2020-02-11 05:07:25.431Z,4411.707,5,Sonde 191640226 factory pressure error value is 0.000 mb
AVAPS-LOG,2020-02-11 05:07:27.258Z,4413.534,5,Sonde 191640226 Preview OK by operator
AVAPS-LOG,2020-02-11 05:07:28.878Z,4415.155,5,Sounding data collection started by operator
AVAPS-LOG,2020-02-11 05:07:37.224Z,4423.500,4,Sounding STOP request
AVAPS-LOG,2020-02-11 05:07:38.028Z,4424.304,5,CHANNEL 5 READY for launch
AVAPS-LOG,2020-02-11 05:07:45.234Z,4431.511,4,Sounding files closed
AVAPS-LOG,2020-02-11 05:07:45.245Z,4431.522,4,Sounding files renamed
AVAPS-LOG,2020-02-11 05:07:45.452Z,4431.729,4,Sounding ENDED
AVAPS-LOG,2020-02-11 05:08:30.344Z,4476.620,6,Sounding START request
AVAPS-LOG,2020-02-11 05:08:30.582Z,4476.858,6,Sounding files created
AVAPS-LOG,2020-02-11 05:08:34.278Z,4480.554,6,Sounding frequency 405.50 selected by operator
AVAPS-LOG,2020-02-11 05:08:45.868Z,4492.144,,Sonde 192621048 GPS Aiding OK for all 11 of 11 messages.
AVAPS-LOG,2020-02-11 05:09:10.431Z,4516.707,6,Sonde 192621048 pressure error value entered manually as -0.500 mb
AVAPS-LOG,2020-02-11 05:09:12.248Z,4518.524,6,Sonde 192621048 Preview OK by operator
AVAPS-LOG,2020-02-11 05:09:14.078Z,4520.355,6,Sounding data collection started by operator
AVAPS-LOG,2020-02-11 05:09:24.028Z,4530.304,6,CHANNEL 6 READY for launch
AVAPS-LOG,2020-02-11 05:32:30.529Z,5916.805,5,Sonde 191640226 Launch Detect; Launch Time 2020-02-11 05:32:26.500; Dfile Name D20200211_053226.5
AVAPS-LOG,2020-02-11 05:32:30.529Z,5916.805,5,Sounding Launch Obs identified OK; LLA source is Aircraft Data System
AVAPS-LOG,2020-02-11 05:32:51.979Z,5938.256,7,Sounding START request
AVAPS-LOG,2020-02-11 05:32:52.382Z,5938.659,7,Sounding files created
AVAPS-LOG,2020-02-11 05:32:55.678Z,5941.954,7,Sounding frequency 400.50 selected by operator
AVAPS-LOG,2020-02-11 05:33:06.878Z,5953.155,,Sonde 191640477 GPS Aiding OK for all 11 of 11 messages.
AVAPS-LOG,2020-02-11 05:33:21.932Z,5968.208,7,Sonde 191640477 factory pressure error value is 0.000 mb
AVAPS-LOG,2020-02-11 05:33:23.748Z,5970.025,7,Sonde 191640477 Preview OK by operator
AVAPS-LOG,2020-02-11 05:33:27.578Z,5973.855,7,Sounding data collection started by operator
AVAPS-LOG,2020-02-11 05:33:37.028Z,5983.304,7,CHANNEL 7 READY for launch
AVAPS-LOG,2020-02-11 05:34:30.579Z,6036.855,8,Sounding START request
AVAPS-LOG,2020-02-11 05:34:30.982Z,6037.258,8,Sounding files created
AVAPS-LOG,2020-02-11 05:34:37.478Z,6043.755,8,Sounding frequency 401.50 selected by operator
AVAPS-LOG,2020-02-11 05:34:48.968Z,6055.244,,Sonde 192741432 GPS Aiding OK for all 11 of 11 messages.
AVAPS-LOG,2020-02-11 05:35:03.682Z,6069.958,8,Sonde 192741432 factory pressure error value is 0.000 mb
AVAPS-LOG,2020-02-11 05:35:05.498Z,6071.774,8,Sonde 192741432 Preview OK by operator
AVAPS-LOG,2020-02-11 05:35:19.279Z,6085.555,8,Sounding data collection started by operator
AVAPS-LOG,2020-02-11 05:35:29.028Z,6095.305,8,CHANNEL 8 READY for launch
AVAPS-LOG,2020-02-11 05:38:49.529Z,6295.805,6,Sonde 192621048 Launch Detect; Launch Time 2020-02-11 05:38:45.500; Dfile Name D20200211_053846.6
AVAPS-LOG,2020-02-11 05:38:49.529Z,6295.805,6,Sounding Launch Obs identified OK; LLA source is Aircraft Data System
AVAPS-LOG,2020-02-11 05:43:35.579Z,6581.855,5,Sounding STOP request
AVAPS-LOG,2020-02-11 05:43:41.244Z,6587.520,5,Sounding files closed
AVAPS-LOG,2020-02-11 05:43:41.249Z,6587.525,5,Sounding files renamed
AVAPS-LOG,2020-02-11 05:43:41.596Z,6587.872,5,Sounding ENDED
AVAPS-LOG,2020-02-11 05:45:27.030Z,6693.306,7,Sonde 191640477 Launch Detect; Launch Time 2020-02-11 05:45:23.000; Dfile Name D20200211_054523.7
AVAPS-LOG,2020-02-11 05:45:27.030Z,6693.306,7,Sounding Launch Obs identified OK; LLA source is Aircraft Data System
AVAPS-LOG,2020-02-11 05:51:13.842Z,7040.119,6,Sounding STOP request
AVAPS-LOG,2020-02-11 05:51:19.043Z,7045.319,6,Sounding files closed
AVAPS-LOG,2020-02-11 05:51:19.048Z,7045.324,6,Sounding files renamed
AVAPS-LOG,2020-02-11 05:51:19.424Z,7045.700,6,Sounding ENDED
AVAPS-LOG,2020-02-11 05:51:33.626Z,7059.902,1,Sounding START request
AVAPS-LOG,2020-02-11 05:51:33.986Z,7060.262,1,Sounding files created
AVAPS-LOG,2020-02-11 05:51:45.178Z,7071.455,1,Sounding frequency 402.50 selected by operator
AVAPS-LOG,2020-02-11 05:51:57.268Z,7083.544,,Sonde 191640458 GPS Aiding OK for all 11 of 11 messages.
AVAPS-LOG,2020-02-11 05:51:57.279Z,7083.555,8,Sonde 192741432 Launch Detect; Launch Time 2020-02-11 05:51:53.250; Dfile Name D20200211_055153.8
AVAPS-LOG,2020-02-11 05:51:57.279Z,7083.555,8,Sounding Launch Obs identified OK; LLA source is Aircraft Data System
AVAPS-LOG,2020-02-11 05:52:09.183Z,7095.459,1,Sonde 191640458 factory pressure error value is 0.000 mb
AVAPS-LOG,2020-02-11 05:52:11.008Z,7097.284,1,Sonde 191640458 Preview OK by operator
AVAPS-LOG,2020-02-11 05:52:15.178Z,7101.454,1,Sounding data collection started by operator
AVAPS-LOG,2020-02-11 05:52:25.030Z,7111.306,1,CHANNEL 1 READY for launch
AVAPS-LOG,2020-02-11 05:53:13.921Z,7160.198,2,Sounding START request
AVAPS-LOG,2020-02-11 05:53:14.182Z,7160.459,2,Sounding files created
AVAPS-LOG,2020-02-11 05:53:17.379Z,7163.655,2,Sounding frequency 403.50 selected by operator
AVAPS-LOG,2020-02-11 05:53:28.588Z,7174.864,,Sonde 192740633 GPS Aiding OK for all 11 of 11 messages.
AVAPS-LOG,2020-02-11 05:54:02.682Z,7208.958,2,Sonde 192740633 pressure error value entered manually as 0.400 mb
AVAPS-LOG,2020-02-11 05:54:04.508Z,7210.784,2,Sonde 192740633 Preview OK by operator
AVAPS-LOG,2020-02-11 05:54:06.379Z,7212.656,2,Sounding data collection started by operator
AVAPS-LOG,2020-02-11 05:54:16.029Z,7222.305,2,CHANNEL 2 READY for launch
AVAPS-LOG,2020-02-11 05:58:07.780Z,7454.056,1,Sonde 191640458 Launch Detect; Launch Time 2020-02-11 05:58:03.750; Dfile Name D20200211_055804.1
AVAPS-LOG,2020-02-11 05:58:07.780Z,7454.056,1,Sounding Launch Obs identified OK; LLA source is Aircraft Data System
AVAPS-LOG,2020-02-11 05:58:49.394Z,7495.671,3,Sounding START request
AVAPS-LOG,2020-02-11 05:58:49.783Z,7496.059,3,Sounding files created
AVAPS-LOG,2020-02-11 05:58:53.378Z,7499.654,3,Sounding frequency 404.50 selected by operator
AVAPS-LOG,2020-02-11 05:59:04.568Z,7510.845,,Sonde 192740650 GPS Aiding OK for all 11 of 11 messages.
AVAPS-LOG,2020-02-11 05:59:17.682Z,7523.958,3,Sonde 192740650 factory pressure error value is 0.000 mb
AVAPS-LOG,2020-02-11 05:59:19.498Z,7525.774,3,Sonde 192740650 Preview OK by operator
AVAPS-LOG,2020-02-11 05:59:21.978Z,7528.255,3,Sounding data collection started by operator
AVAPS-LOG,2020-02-11 05:59:31.029Z,7537.305,3,CHANNEL 3 READY for launch
AVAPS-LOG,2020-02-11 06:04:32.779Z,7839.055,2,Sonde 192740633 Launch Detect; Launch Time 2020-02-11 06:04:28.750; Dfile Name D20200211_060429.2
AVAPS-LOG,2020-02-11 06:04:32.780Z,7839.056,2,Sounding Launch Obs identified OK; LLA source is Aircraft Data System
AVAPS-LOG,2020-02-11 06:05:22.780Z,7889.056,7,Sounding STOP request
AVAPS-LOG,2020-02-11 06:05:30.233Z,7896.510,7,Sounding files closed
AVAPS-LOG,2020-02-11 06:05:30.237Z,7896.514,7,Sounding files renamed
AVAPS-LOG,2020-02-11 06:05:30.567Z,7896.844,7,Sounding ENDED
AVAPS-LOG,2020-02-11 06:05:31.963Z,7898.239,8,Sounding STOP request
AVAPS-LOG,2020-02-11 06:05:41.445Z,7907.721,8,Sounding files closed
AVAPS-LOG,2020-02-11 06:05:41.449Z,7907.725,8,Sounding files renamed
AVAPS-LOG,2020-02-11 06:05:41.772Z,7908.048,8,Sounding ENDED
AVAPS-LOG,2020-02-11 06:07:39.979Z,8026.255,4,Sounding START request
AVAPS-LOG,2020-02-11 06:07:40.382Z,8026.658,4,Sounding files created
AVAPS-LOG,2020-02-11 06:07:45.378Z,8031.654,4,Sounding frequency 405.50 selected by operator
AVAPS-LOG,2020-02-11 06:07:57.298Z,8043.574,,Sonde 191640478 GPS Aiding OK for all 12 of 12 messages.
AVAPS-LOG,2020-02-11 06:08:11.431Z,8057.707,4,Sonde 191640478 factory pressure error value is 0.000 mb
AVAPS-LOG,2020-02-11 06:08:13.258Z,8059.534,4,Sonde 191640478 Preview OK by operator
AVAPS-LOG,2020-02-11 06:08:16.279Z,8062.555,4,Sounding data collection started by operator
AVAPS-LOG,2020-02-11 06:08:26.029Z,8072.306,4,CHANNEL 4 READY for launch
AVAPS-LOG,2020-02-11 06:10:33.029Z,8199.305,3,Sonde 192740650 Launch Detect; Launch Time 2020-02-11 06:10:29.000; Dfile Name D20200211_061029.3
AVAPS-LOG,2020-02-11 06:10:33.030Z,8199.306,3,Sounding Launch Obs identified OK; LLA source is Aircraft Data System
AVAPS-LOG,2020-02-11 06:11:53.011Z,8279.288,5,Sounding START request
AVAPS-LOG,2020-02-11 06:11:53.382Z,8279.659,5,Sounding files created
AVAPS-LOG,2020-02-11 06:11:57.279Z,8283.555,5,Sounding frequency 400.50 selected by operator
AVAPS-LOG,2020-02-11 06:12:09.388Z,8295.665,,Sonde 192620616 GPS Aiding OK for all 12 of 12 messages.
AVAPS-LOG,2020-02-11 06:12:26.183Z,8312.459,5,Sonde 192620616 factory pressure error value is 0.000 mb
AVAPS-LOG,2020-02-11 06:12:28.018Z,8314.295,5,Sonde 192620616 Preview OK by operator
AVAPS-LOG,2020-02-11 06:12:29.579Z,8315.856,5,Sounding data collection started by operator
AVAPS-LOG,2020-02-11 06:12:39.028Z,8325.304,5,CHANNEL 5 READY for launch
AVAPS-LOG,2020-02-11 06:15:05.579Z,8471.856,1,Sounding STOP request
AVAPS-LOG,2020-02-11 06:15:12.440Z,8478.716,1,Sounding files closed
AVAPS-LOG,2020-02-11 06:15:12.444Z,8478.720,1,Sounding files renamed
AVAPS-LOG,2020-02-11 06:15:12.743Z,8479.019,1,Sounding ENDED
AVAPS-LOG,2020-02-11 06:15:40.580Z,8506.857,2,Sounding STOP request
AVAPS-LOG,2020-02-11 06:15:46.426Z,8512.702,2,Sounding files closed
AVAPS-LOG,2020-02-11 06:15:46.430Z,8512.706,2,Sounding files renamed
AVAPS-LOG,2020-02-11 06:15:46.716Z,8512.992,2,Sounding ENDED
AVAPS-LOG,2020-02-11 06:15:57.028Z,8523.305,4,Sonde 191640478 Launch Detect; Launch Time 2020-02-11 06:15:53.000; Dfile Name D20200211_061553.4
AVAPS-LOG,2020-02-11 06:15:57.029Z,8523.306,4,Sounding Launch Obs identified OK; LLA source is Aircraft Data System
AVAPS-LOG,2020-02-11 06:17:14.780Z,8601.056,6,Sounding START request
AVAPS-LOG,2020-02-11 06:17:15.182Z,8601.458,6,Sounding files created
AVAPS-LOG,2020-02-11 06:17:18.678Z,8604.954,6,Sounding frequency 401.50 selected by operator
AVAPS-LOG,2020-02-11 06:17:30.289Z,8616.565,,Sonde 191640462 GPS Aiding OK for all 12 of 12 messages.
AVAPS-LOG,2020-02-11 06:17:48.431Z,8634.707,6,Sonde 191640462 factory pressure error value is 0.000 mb
AVAPS-LOG,2020-02-11 06:17:50.258Z,8636.534,6,Sonde 191640462 Preview OK by operator
AVAPS-LOG,2020-02-11 06:17:54.879Z,8641.155,6,Sounding data collection started by operator
AVAPS-LOG,2020-02-11 06:18:04.029Z,8650.305,6,CHANNEL 6 READY for launch
AVAPS-LOG,2020-02-11 06:21:09.278Z,8835.554,5,Sonde 192620616 Launch Detect; Launch Time 2020-02-11 06:21:05.250; Dfile Name D20200211_062105.5
AVAPS-LOG,2020-02-11 06:21:09.279Z,8835.555,5,Sounding Launch Obs identified OK; LLA source is Aircraft Data System
AVAPS-LOG,2020-02-11 06:21:55.012Z,8881.288,7,Sounding START request
AVAPS-LOG,2020-02-11 06:21:55.383Z,8881.659,7,Sounding files created
AVAPS-LOG,2020-02-11 06:21:58.478Z,8884.754,7,Sounding frequency 402.50 selected by operator
AVAPS-LOG,2020-02-11 06:22:09.869Z,8896.145,,Sonde 192450588 GPS Aiding OK for all 12 of 12 messages.
AVAPS-LOG,2020-02-11 06:22:24.931Z,8911.208,7,Sonde 192450588 factory pressure error value is 0.000 mb
AVAPS-LOG,2020-02-11 06:22:26.739Z,8913.015,7,Sonde 192450588 Preview OK by operator
AVAPS-LOG,2020-02-11 06:22:28.779Z,8915.055,7,Sounding data collection started by operator
AVAPS-LOG,2020-02-11 06:22:38.028Z,8924.304,7,CHANNEL 7 READY for launch
AVAPS-LOG,2020-02-11 06:23:45.580Z,8991.856,3,Sounding STOP request
AVAPS-LOG,2020-02-11 06:23:50.836Z,8997.113,3,Sounding files closed
AVAPS-LOG,2020-02-11 06:23:50.840Z,8997.117,3,Sounding files renamed
AVAPS-LOG,2020-02-11 06:23:51.140Z,8997.417,3,Sounding ENDED
AVAPS-LOG,2020-02-11 06:23:56.348Z,9002.624,8,Sounding START request
AVAPS-LOG,2020-02-11 06:23:56.582Z,9002.858,8,Sounding files created
AVAPS-LOG,2020-02-11 06:24:01.378Z,9007.654,8,Sounding frequency 403.50 selected by operator
AVAPS-LOG,2020-02-11 06:24:12.868Z,9019.144,,Sonde 191640459 GPS Aiding OK for all 11 of 11 messages.
AVAPS-LOG,2020-02-11 06:24:28.683Z,9034.959,8,Sonde 191640459 factory pressure error value is 0.000 mb
AVAPS-LOG,2020-02-11 06:24:30.508Z,9036.784,8,Sonde 191640459 Preview OK by operator
AVAPS-LOG,2020-02-11 06:24:32.579Z,9038.855,8,Sounding data collection started by operator
AVAPS-LOG,2020-02-11 06:24:42.029Z,9048.306,8,CHANNEL 8 READY for launch
AVAPS-LOG,2020-02-11 06:26:34.528Z,9160.804,6,Sonde 191640462 Launch Detect; Launch Time 2020-02-11 06:26:30.500; Dfile Name D20200211_062630.6
AVAPS-LOG,2020-02-11 06:26:34.529Z,9160.805,6,Sounding Launch Obs identified OK; LLA source is Aircraft Data System
AVAPS-LOG,2020-02-11 06:27:49.340Z,9235.616,4,Sounding STOP request
AVAPS-LOG,2020-02-11 06:27:54.038Z,9240.315,4,Sounding files closed
AVAPS-LOG,2020-02-11 06:27:54.042Z,9240.319,4,Sounding files renamed
AVAPS-LOG,2020-02-11 06:27:54.327Z,9240.604,4,Sounding ENDED
AVAPS-LOG,2020-02-11 06:32:17.029Z,9503.306,7,Sonde 192450588 Launch Detect; Launch Time 2020-02-11 06:32:13.000; Dfile Name D20200211_063213.7
AVAPS-LOG,2020-02-11 06:32:17.030Z,9503.307,7,Sounding Launch Obs identified OK; LLA source is Aircraft Data System
AVAPS-LOG,2020-02-11 06:37:08.421Z,9794.697,5,Sounding STOP request
AVAPS-LOG,2020-02-11 06:37:18.245Z,9804.521,5,Sounding files closed
AVAPS-LOG,2020-02-11 06:37:18.248Z,9804.524,5,Sounding files renamed
AVAPS-LOG,2020-02-11 06:37:18.547Z,9804.823,5,Sounding ENDED
AVAPS-LOG,2020-02-11 06:37:30.820Z,9817.097,6,Sounding STOP request
AVAPS-LOG,2020-02-11 06:37:37.831Z,9824.107,6,Sounding files closed
AVAPS-LOG,2020-02-11 06:37:37.836Z,9824.112,6,Sounding files renamed
AVAPS-LOG,2020-02-11 06:37:38.123Z,9824.399,6,Sounding ENDED
AVAPS-LOG,2020-02-11 06:38:12.279Z,9858.555,8,Sonde 191640459 Launch Detect; Launch Time 2020-02-11 06:38:08.250; Dfile Name D20200211_063808.8
AVAPS-LOG,2020-02-11 06:38:12.280Z,9858.556,8,Sounding Launch Obs identified OK; LLA source is Aircraft Data System
AVAPS-LOG,2020-02-11 06:43:33.789Z,10180.065,7,Sounding STOP request
AVAPS-LOG,2020-02-11 06:43:38.429Z,10184.706,7,Sounding files closed
AVAPS-LOG,2020-02-11 06:43:38.433Z,10184.710,7,Sounding files renamed
AVAPS-LOG,2020-02-11 06:43:38.728Z,10185.005,7,Sounding ENDED
AVAPS-LOG,2020-02-11 06:44:21.981Z,10228.257,1,Sounding START request
AVAPS-LOG,2020-02-11 06:44:22.383Z,10228.659,1,Sounding files created
AVAPS-LOG,2020-02-11 06:44:25.778Z,10232.054,1,Sounding frequency 404.50 selected by operator
AVAPS-LOG,2020-02-11 06:44:37.368Z,10243.644,,Sonde 192620621 GPS Aiding OK for all 11 of 11 messages.
AVAPS-LOG,2020-02-11 06:44:50.182Z,10256.459,1,Sonde 192620621 factory pressure error value is 0.000 mb
AVAPS-LOG,2020-02-11 06:44:52.009Z,10258.285,1,Sonde 192620621 Preview OK by operator
AVAPS-LOG,2020-02-11 06:45:09.579Z,10275.855,1,Sounding data collection started by operator
AVAPS-LOG,2020-02-11 06:45:19.028Z,10285.304,1,CHANNEL 1 READY for launch
AVAPS-LOG,2020-02-11 06:46:00.812Z,10327.089,2,Sounding START request
AVAPS-LOG,2020-02-11 06:46:01.182Z,10327.459,2,Sounding files created
AVAPS-LOG,2020-02-11 06:46:06.078Z,10332.354,2,Sounding frequency 405.50 selected by operator
AVAPS-LOG,2020-02-11 06:46:17.378Z,10343.655,,Sonde 191640472 GPS Aiding OK for all 11 of 11 messages.
AVAPS-LOG,2020-02-11 06:46:30.931Z,10357.207,2,Sonde 191640472 factory pressure error value is 0.000 mb
AVAPS-LOG,2020-02-11 06:46:32.758Z,10359.035,2,Sonde 191640472 Preview OK by operator
AVAPS-LOG,2020-02-11 06:46:35.978Z,10362.255,2,Sounding data collection started by operator
AVAPS-LOG,2020-02-11 06:46:45.029Z,10371.305,2,CHANNEL 2 READY for launch
AVAPS-LOG,2020-02-11 06:49:57.779Z,10564.055,1,Sonde 192620621 Launch Detect; Launch Time 2020-02-11 06:49:53.750; Dfile Name D20200211_064954.1
AVAPS-LOG,2020-02-11 06:49:57.780Z,10564.056,1,Sounding Launch Obs identified OK; LLA source is Aircraft Data System
AVAPS-LOG,2020-02-11 06:50:12.813Z,10579.089,8,Sounding STOP request
AVAPS-LOG,2020-02-11 06:50:17.632Z,10583.908,8,Sounding files closed
AVAPS-LOG,2020-02-11 06:50:17.636Z,10583.912,8,Sounding files renamed
AVAPS-LOG,2020-02-11 06:50:17.932Z,10584.208,8,Sounding ENDED
AVAPS-LOG,2020-02-11 06:50:42.413Z,10608.689,3,Sounding START request
AVAPS-LOG,2020-02-11 06:50:42.783Z,10609.059,3,Sounding files created
AVAPS-LOG,2020-02-11 06:50:48.278Z,10614.554,3,Sounding frequency 400.50 selected by operator
AVAPS-LOG,2020-02-11 06:50:59.659Z,10625.935,,Sonde 191820273 GPS Aiding OK for all 11 of 11 messages.
AVAPS-LOG,2020-02-11 06:51:13.682Z,10639.959,3,Sonde 191820273 factory pressure error value is 0.000 mb
AVAPS-LOG,2020-02-11 06:51:15.508Z,10641.785,3,Sonde 191820273 Preview OK by operator
AVAPS-LOG,2020-02-11 06:51:17.179Z,10643.455,3,Sounding data collection started by operator
AVAPS-LOG,2020-02-11 06:51:27.029Z,10653.305,3,CHANNEL 3 READY for launch
AVAPS-LOG,2020-02-11 06:52:36.180Z,10722.456,4,Sounding START request
AVAPS-LOG,2020-02-11 06:52:36.583Z,10722.859,4,Sounding files created
AVAPS-LOG,2020-02-11 06:52:39.978Z,10726.255,4,Sounding frequency 401.50 selected by operator
AVAPS-LOG,2020-02-11 06:52:51.368Z,10737.644,,Sonde 191810566 GPS Aiding OK for all 11 of 11 messages.
AVAPS-LOG,2020-02-11 06:53:03.931Z,10750.207,4,Sonde 191810566 factory pressure error value is 0.000 mb
AVAPS-LOG,2020-02-11 06:53:05.768Z,10752.044,4,Sonde 191810566 Preview OK by operator
AVAPS-LOG,2020-02-11 06:53:07.378Z,10753.654,4,Sounding data collection started by operator
AVAPS-LOG,2020-02-11 06:53:17.028Z,10763.305,4,CHANNEL 4 READY for launch
AVAPS-LOG,2020-02-11 06:54:44.529Z,10850.806,2,Sonde 191640472 Launch Detect; Launch Time 2020-02-11 06:54:40.500; Dfile Name D20200211_065440.2
AVAPS-LOG,2020-02-11 06:54:44.529Z,10850.806,2,Sounding Launch Obs identified OK; LLA source is Aircraft Data System
AVAPS-LOG,2020-02-11 06:59:37.780Z,11144.056,3,Sonde 191820273 Launch Detect; Launch Time 2020-02-11 06:59:33.750; Dfile Name D20200211_065934.3
AVAPS-LOG,2020-02-11 06:59:37.780Z,11144.056,3,Sounding Launch Obs identified OK; LLA source is Aircraft Data System
AVAPS-LOG,2020-02-11 07:00:22.779Z,11189.055,5,Sounding START request
AVAPS-LOG,2020-02-11 07:00:23.182Z,11189.458,5,Sounding files created
AVAPS-LOG,2020-02-11 07:00:26.978Z,11193.254,5,Sounding frequency 402.50 selected by operator
AVAPS-LOG,2020-02-11 07:00:39.088Z,11205.364,,Sonde 192740332 GPS Aiding OK for all 12 of 12 messages.
AVAPS-LOG,2020-02-11 07:00:51.431Z,11217.708,5,Sonde 192740332 factory pressure error value is 0.000 mb
AVAPS-LOG,2020-02-11 07:00:53.258Z,11219.535,5,Sonde 192740332 Preview OK by operator
AVAPS-LOG,2020-02-11 07:01:00.378Z,11226.654,5,Sounding data collection started by operator
AVAPS-LOG,2020-02-11 07:01:10.029Z,11236.306,5,CHANNEL 5 READY for launch
AVAPS-LOG,2020-02-11 07:01:54.253Z,11280.529,6,Sounding START request
AVAPS-LOG,2020-02-11 07:01:54.582Z,11280.858,6,Sounding files created
AVAPS-LOG,2020-02-11 07:01:59.178Z,11285.455,6,Sounding frequency 403.50 selected by operator
AVAPS-LOG,2020-02-11 07:02:10.888Z,11297.164,,Sonde 192810125 GPS Aiding OK for all 12 of 12 messages.
AVAPS-LOG,2020-02-11 07:02:23.432Z,11309.708,6,Sonde 192810125 factory pressure error value is 0.000 mb
AVAPS-LOG,2020-02-11 07:02:25.268Z,11311.544,6,Sonde 192810125 Preview OK by operator
AVAPS-LOG,2020-02-11 07:02:26.879Z,11313.155,6,Sounding data collection started by operator
AVAPS-LOG,2020-02-11 07:02:36.029Z,11322.306,6,CHANNEL 6 READY for launch
AVAPS-LOG,2020-02-11 07:04:31.529Z,11437.805,4,Sonde 191810566 Launch Detect; Launch Time 2020-02-11 07:04:27.500; Dfile Name D20200211_070428.4
AVAPS-LOG,2020-02-11 07:04:31.530Z,11437.806,4,Sounding Launch Obs identified OK; LLA source is Aircraft Data System
AVAPS-LOG,2020-02-11 07:04:59.285Z,11465.561,1,Sounding STOP request
AVAPS-LOG,2020-02-11 07:05:07.837Z,11474.113,1,Sounding files closed
AVAPS-LOG,2020-02-11 07:05:07.840Z,11474.116,1,Sounding files renamed
AVAPS-LOG,2020-02-11 07:05:08.131Z,11474.407,1,Sounding ENDED
AVAPS-LOG,2020-02-11 07:07:49.470Z,11635.747,2,Sounding STOP request
AVAPS-LOG,2020-02-11 07:07:57.234Z,11643.510,2,Sounding files closed
AVAPS-LOG,2020-02-11 07:07:57.249Z,11643.525,2,Sounding files renamed
AVAPS-LOG,2020-02-11 07:07:57.547Z,11643.823,2,Sounding ENDED
AVAPS-LOG,2020-02-11 07:08:52.529Z,11698.805,5,Sonde 192740332 Launch Detect; Launch Time 2020-02-11 07:08:48.500; Dfile Name D20200211_070848.5
AVAPS-LOG,2020-02-11 07:08:52.529Z,11698.805,5,Sounding Launch Obs identified OK; LLA source is Aircraft Data System
AVAPS-LOG,2020-02-11 07:09:34.902Z,11741.179,7,Sounding START request
AVAPS-LOG,2020-02-11 07:09:35.182Z,11741.459,7,Sounding files created
AVAPS-LOG,2020-02-11 07:09:38.579Z,11744.855,7,Sounding frequency 404.50 selected by operator
AVAPS-LOG,2020-02-11 07:09:50.088Z,11756.364,,Sonde 191810561 GPS Aiding OK for all 12 of 12 messages.
AVAPS-LOG,2020-02-11 07:10:01.682Z,11767.958,7,Sonde 191810561 factory pressure error value is 0.000 mb
AVAPS-LOG,2020-02-11 07:10:03.508Z,11769.784,7,Sonde 191810561 Preview OK by operator
AVAPS-LOG,2020-02-11 07:10:05.179Z,11771.455,7,Sounding data collection started by operator
AVAPS-LOG,2020-02-11 07:10:15.029Z,11781.305,7,CHANNEL 7 READY for launch
AVAPS-LOG,2020-02-11 07:12:07.838Z,11894.114,8,Sounding START request
AVAPS-LOG,2020-02-11 07:12:08.183Z,11894.459,8,Sounding files created
AVAPS-LOG,2020-02-11 07:12:11.578Z,11897.855,8,Sounding frequency 405.50 selected by operator
AVAPS-LOG,2020-02-11 07:12:23.088Z,11909.364,,Sonde 192450587 GPS Aiding OK for all 12 of 12 messages.
AVAPS-LOG,2020-02-11 07:12:36.183Z,11922.459,8,Sonde 192450587 factory pressure error value is 0.000 mb
AVAPS-LOG,2020-02-11 07:12:38.008Z,11924.284,8,Sonde 192450587 Preview OK by operator
AVAPS-LOG,2020-02-11 07:12:39.479Z,11925.755,8,Sounding data collection started by operator
AVAPS-LOG,2020-02-11 07:12:49.029Z,11935.306,8,CHANNEL 8 READY for launch
AVAPS-LOG,2020-02-11 07:12:58.379Z,11944.655,3,Sounding STOP request
AVAPS-LOG,2020-02-11 07:13:03.636Z,11949.913,3,Sounding files closed
AVAPS-LOG,2020-02-11 07:13:03.641Z,11949.918,3,Sounding files renamed
AVAPS-LOG,2020-02-11 07:13:03.928Z,11950.205,3,Sounding ENDED
AVAPS-LOG,2020-02-11 07:15:23.780Z,12090.057,6,Sonde 192810125 Launch Detect; Launch Time 2020-02-11 07:15:19.750; Dfile Name D20200211_071520.6
AVAPS-LOG,2020-02-11 07:15:23.780Z,12090.057,6,Sounding Launch Obs identified OK; LLA source is Aircraft Data System
AVAPS-LOG,2020-02-11 07:17:04.979Z,12191.255,4,Sounding STOP request
AVAPS-LOG,2020-02-11 07:17:12.035Z,12198.312,4,Sounding files closed
AVAPS-LOG,2020-02-11 07:17:12.041Z,12198.318,4,Sounding files renamed
AVAPS-LOG,2020-02-11 07:17:12.348Z,12198.625,4,Sounding ENDED
AVAPS-LOG,2020-02-11 07:18:21.278Z,12267.555,7,Sonde 191810561 Launch Detect; Launch Time 2020-02-11 07:18:17.250; Dfile Name D20200211_071817.7
AVAPS-LOG,2020-02-11 07:18:21.279Z,12267.556,7,Sounding Launch Obs identified OK; LLA source is Aircraft Data System
AVAPS-LOG,2020-02-11 07:18:50.390Z,12296.666,1,Sounding START request
AVAPS-LOG,2020-02-11 07:18:50.783Z,12297.059,1,Sounding files created
AVAPS-LOG,2020-02-11 07:19:11.178Z,12317.455,1,Sounding frequency 400.50 selected by operator
AVAPS-LOG,2020-02-11 07:19:22.678Z,12328.954,,Sonde 192620601 GPS Aiding OK for all 11 of 11 messages.
AVAPS-LOG,2020-02-11 07:19:37.432Z,12343.708,1,Sonde 192620601 factory pressure error value is 0.000 mb
AVAPS-LOG,2020-02-11 07:19:39.258Z,12345.534,1,Sonde 192620601 Preview OK by operator
AVAPS-LOG,2020-02-11 07:19:44.778Z,12351.054,1,Sounding data collection started by operator
AVAPS-LOG,2020-02-11 07:19:54.028Z,12360.304,1,CHANNEL 1 READY for launch
AVAPS-LOG,2020-02-11 07:20:27.390Z,12393.666,2,Sounding START request
AVAPS-LOG,2020-02-11 07:20:27.782Z,12394.058,2,Sounding files created
AVAPS-LOG,2020-02-11 07:20:31.278Z,12397.554,2,Sounding frequency 401.50 selected by operator
AVAPS-LOG,2020-02-11 07:20:42.479Z,12408.755,,Sonde 191640479 GPS Aiding OK for all 11 of 11 messages.
AVAPS-LOG,2020-02-11 07:20:55.932Z,12422.209,2,Sonde 191640479 factory pressure error value is 0.000 mb
AVAPS-LOG,2020-02-11 07:20:57.758Z,12424.035,2,Sonde 191640479 Preview OK by operator
AVAPS-LOG,2020-02-11 07:20:59.779Z,12426.056,2,Sounding data collection started by operator
AVAPS-LOG,2020-02-11 07:21:09.029Z,12435.305,2,CHANNEL 2 READY for launch
AVAPS-LOG,2020-02-11 07:21:46.974Z,12473.250,5,Sounding STOP request
AVAPS-LOG,2020-02-11 07:21:52.647Z,12478.923,5,Sounding files closed
AVAPS-LOG,2020-02-11 07:21:52.650Z,12478.926,5,Sounding files renamed
AVAPS-LOG,2020-02-11 07:21:52.935Z,12479.211,5,Sounding ENDED
AVAPS-LOG,2020-02-11 07:22:20.279Z,12506.555,8,Sonde 192450587 Launch Detect; Launch Time 2020-02-11 07:22:16.250; Dfile Name D20200211_072216.8
AVAPS-LOG,2020-02-11 07:22:20.280Z,12506.556,8,Sounding Launch Obs identified OK; LLA source is Aircraft Data System
AVAPS-LOG,2020-02-11 07:28:15.030Z,12861.307,2,Sonde 191640479 Launch Detect; Launch Time 2020-02-11 07:28:11.000; Dfile Name D20200211_072811.2
AVAPS-LOG,2020-02-11 07:28:15.030Z,12861.307,2,Sounding Launch Obs identified OK; LLA source is Aircraft Data System
AVAPS-LOG,2020-02-11 07:29:25.379Z,12931.656,6,Sounding STOP request
AVAPS-LOG,2020-02-11 07:29:30.840Z,12937.116,6,Sounding files closed
AVAPS-LOG,2020-02-11 07:29:30.843Z,12937.119,6,Sounding files renamed
AVAPS-LOG,2020-02-11 07:29:31.149Z,12937.425,6,Sounding ENDED
AVAPS-LOG,2020-02-11 07:29:33.579Z,12939.855,7,Sounding STOP request
AVAPS-LOG,2020-02-11 07:29:40.637Z,12946.914,7,Sounding files closed
AVAPS-LOG,2020-02-11 07:29:40.641Z,12946.918,7,Sounding files renamed
AVAPS-LOG,2020-02-11 07:29:40.930Z,12947.207,7,Sounding ENDED
AVAPS-LOG,2020-02-11 07:29:46.799Z,12953.075,3,Sounding START request
AVAPS-LOG,2020-02-11 07:29:47.182Z,12953.458,3,Sounding files created
AVAPS-LOG,2020-02-11 07:29:50.878Z,12957.154,3,Sounding frequency 402.50 selected by operator
AVAPS-LOG,2020-02-11 07:30:02.079Z,12968.355,,Sonde 192740636 GPS Aiding OK for all 11 of 11 messages.
AVAPS-LOG,2020-02-11 07:30:14.183Z,12980.459,3,Sonde 192740636 factory pressure error value is 0.000 mb
AVAPS-LOG,2020-02-11 07:30:16.008Z,12982.285,3,Sonde 192740636 Preview OK by operator
AVAPS-LOG,2020-02-11 07:30:17.779Z,12984.056,3,Sounding data collection started by operator
AVAPS-LOG,2020-02-11 07:30:27.029Z,12993.305,3,CHANNEL 3 READY for launch
AVAPS-LOG,2020-02-11 07:31:23.780Z,13050.056,4,Sounding START request
AVAPS-LOG,2020-02-11 07:31:24.183Z,13050.459,4,Sounding files created
AVAPS-LOG,2020-02-11 07:31:27.078Z,13053.355,4,Sounding frequency 403.50 selected by operator
AVAPS-LOG,2020-02-11 07:31:39.368Z,13065.644,,Sonde 192741434 GPS Aiding OK for all 11 of 11 messages.
AVAPS-LOG,2020-02-11 07:31:52.683Z,13078.959,4,Sonde 192741434 factory pressure error value is 0.000 mb
AVAPS-LOG,2020-02-11 07:31:54.508Z,13080.784,4,Sonde 192741434 Preview OK by operator
AVAPS-LOG,2020-02-11 07:31:56.179Z,13082.455,4,Sounding data collection started by operator
AVAPS-LOG,2020-02-11 07:32:06.029Z,13092.305,4,CHANNEL 4 READY for launch
AVAPS-LOG,2020-02-11 07:32:35.279Z,13121.556,3,Sonde 192740636 Launch Detect; Launch Time 2020-02-11 07:32:31.250; Dfile Name D20200211_073231.3
AVAPS-LOG,2020-02-11 07:32:35.280Z,13121.557,3,Sounding Launch Obs identified OK; LLA source is Aircraft Data System
AVAPS-LOG,2020-02-11 07:32:56.379Z,13142.656,5,Sounding START request
AVAPS-LOG,2020-02-11 07:32:56.784Z,13143.060,5,Sounding files created
AVAPS-LOG,2020-02-11 07:33:00.178Z,13146.454,5,Sounding frequency 404.50 selected by operator
AVAPS-LOG,2020-02-11 07:33:11.498Z,13157.775,,Sonde 192620537 GPS Aiding OK for all 11 of 11 messages.
AVAPS-LOG,2020-02-11 07:33:24.932Z,13171.208,5,Sonde 192620537 factory pressure error value is 0.000 mb
AVAPS-LOG,2020-02-11 07:33:26.748Z,13173.024,5,Sonde 192620537 Preview OK by operator
AVAPS-LOG,2020-02-11 07:33:28.178Z,13174.455,5,Sounding data collection started by operator
AVAPS-LOG,2020-02-11 07:33:38.029Z,13184.305,5,CHANNEL 5 READY for launch
AVAPS-LOG,2020-02-11 07:35:09.791Z,13276.067,8,Sounding STOP request
AVAPS-LOG,2020-02-11 07:35:15.428Z,13281.705,8,Sounding files closed
AVAPS-LOG,2020-02-11 07:35:15.432Z,13281.709,8,Sounding files renamed
AVAPS-LOG,2020-02-11 07:35:15.730Z,13282.007,8,Sounding ENDED
AVAPS-LOG,2020-02-11 07:36:54.903Z,13381.179,6,Sounding START request
AVAPS-LOG,2020-02-11 07:36:55.182Z,13381.458,6,Sounding files created
AVAPS-LOG,2020-02-11 07:37:06.078Z,13392.354,6,Sounding frequency 405.50 selected by operator
AVAPS-LOG,2020-02-11 07:37:17.568Z,13403.845,,Sonde 191820279 GPS Aiding OK for all 11 of 11 messages.
AVAPS-LOG,2020-02-11 07:37:37.432Z,13423.708,6,Sonde 191820279 factory pressure error value is 0.000 mb
AVAPS-LOG,2020-02-11 07:37:39.248Z,13425.524,6,Sonde 191820279 Preview OK by operator
AVAPS-LOG,2020-02-11 07:38:00.378Z,13446.654,6,Sounding data collection started by operator
AVAPS-LOG,2020-02-11 07:38:10.029Z,13456.306,6,CHANNEL 6 READY for launch
AVAPS-LOG,2020-02-11 07:38:14.280Z,13460.556,4,Sonde 192741434 Launch Detect; Launch Time 2020-02-11 07:38:10.250; Dfile Name D20200211_073810.4
AVAPS-LOG,2020-02-11 07:38:14.280Z,13460.556,4,Sounding Launch Obs identified OK; LLA source is Aircraft Data System
AVAPS-LOG,2020-02-11 07:40:20.084Z,13586.360,1,Sounding STOP request
AVAPS-LOG,2020-02-11 07:40:25.810Z,13592.086,1,Sounding files closed
AVAPS-LOG,2020-02-11 07:40:25.813Z,13592.089,1,Sounding files renamed
AVAPS-LOG,2020-02-11 07:40:26.134Z,13592.410,1,Sounding ENDED
AVAPS-LOG,2020-02-11 07:40:38.408Z,13604.684,2,Sounding STOP request
AVAPS-LOG,2020-02-11 07:40:58.033Z,13624.309,2,Sounding files closed
AVAPS-LOG,2020-02-11 07:40:58.038Z,13624.314,2,Sounding files renamed
AVAPS-LOG,2020-02-11 07:40:58.324Z,13624.600,2,Sounding ENDED
AVAPS-LOG,2020-02-11 07:43:43.780Z,13790.056,5,Sonde 192620537 Launch Detect; Launch Time 2020-02-11 07:43:39.750; Dfile Name D20200211_074340.5
AVAPS-LOG,2020-02-11 07:43:43.781Z,13790.057,5,Sounding Launch Obs identified OK; LLA source is Aircraft Data System
AVAPS-LOG,2020-02-11 07:44:39.064Z,13845.340,3,Sounding STOP request
AVAPS-LOG,2020-02-11 07:44:46.442Z,13852.718,3,Sounding files closed
AVAPS-LOG,2020-02-11 07:44:46.446Z,13852.722,3,Sounding files renamed
AVAPS-LOG,2020-02-11 07:44:46.715Z,13852.991,3,Sounding ENDED
AVAPS-LOG,2020-02-11 07:54:55.704Z,14461.980,4,Sounding STOP request
AVAPS-LOG,2020-02-11 07:55:02.042Z,14468.319,4,Sounding files closed
AVAPS-LOG,2020-02-11 07:55:02.047Z,14468.324,4,Sounding files renamed
AVAPS-LOG,2020-02-11 07:55:02.334Z,14468.611,4,Sounding ENDED
AVAPS-LOG,2020-02-11 07:55:04.979Z,14471.256,5,Sounding STOP request
AVAPS-LOG,2020-02-11 07:55:11.036Z,14477.312,5,Sounding files closed
AVAPS-LOG,2020-02-11 07:55:11.042Z,14477.318,5,Sounding files renamed
AVAPS-LOG,2020-02-11 07:55:11.327Z,14477.603,5,Sounding ENDED
AVAPS-LOG,2020-02-11 08:20:28.154Z,15994.430,7,Sounding START request
AVAPS-LOG,2020-02-11 08:20:28.383Z,15994.659,7,Sounding files created
AVAPS-LOG,2020-02-11 08:20:32.678Z,15998.954,7,Sounding frequency 400.50 selected by operator
AVAPS-LOG,2020-02-11 08:20:50.128Z,16016.404,,Sonde 191640469 GPS Aiding OK for all 9 of 9 messages.
AVAPS-LOG,2020-02-11 08:22:58.931Z,16145.207,7,Sonde 191640469 factory pressure error value is 0.000 mb
AVAPS-LOG,2020-02-11 08:23:00.758Z,16147.035,7,Sonde 191640469 Preview OK by operator
AVAPS-LOG,2020-02-11 08:23:02.978Z,16149.255,7,Sounding data collection started by operator
AVAPS-LOG,2020-02-11 08:23:12.029Z,16158.305,7,CHANNEL 7 READY for launch
AVAPS-LOG,2020-02-11 08:23:34.178Z,16180.455,8,Sounding START request
AVAPS-LOG,2020-02-11 08:23:34.583Z,16180.860,8,Sounding files created
AVAPS-LOG,2020-02-11 08:23:41.078Z,16187.354,8,Sounding frequency 402.50 selected by operator
AVAPS-LOG,2020-02-11 08:23:52.128Z,16198.405,,Sonde 191640474 GPS Aiding OK for all 9 of 9 messages.
AVAPS-LOG,2020-02-11 08:24:26.931Z,16233.208,8,Sonde 191640474 factory pressure error value is 0.000 mb
AVAPS-LOG,2020-02-11 08:24:28.758Z,16235.035,8,Sonde 191640474 Preview OK by operator
AVAPS-LOG,2020-02-11 08:24:30.578Z,16236.855,8,Sounding data collection started by operator
AVAPS-LOG,2020-02-11 08:24:40.029Z,16246.305,8,CHANNEL 8 READY for launch
AVAPS-LOG,2020-02-11 08:30:30.529Z,16596.805,6,Sonde 191820279 Launch Detect; Launch Time 2020-02-11 08:30:26.500; Dfile Name D20200211_083026.6
AVAPS-LOG,2020-02-11 08:30:30.530Z,16596.806,6,Sounding Launch Obs identified OK; LLA source is Aircraft Data System
AVAPS-LOG,2020-02-11 08:32:43.666Z,16729.942,1,Sounding START request
AVAPS-LOG,2020-02-11 08:32:43.983Z,16730.259,1,Sounding files created
AVAPS-LOG,2020-02-11 08:32:48.178Z,16734.454,1,Sounding frequency 403.50 selected by operator
AVAPS-LOG,2020-02-11 08:32:59.229Z,16745.505,,Sonde 191640461 GPS Aiding OK for all 9 of 9 messages.
AVAPS-LOG,2020-02-11 08:33:11.182Z,16757.459,1,Sonde 191640461 factory pressure error value is 0.000 mb
AVAPS-LOG,2020-02-11 08:33:12.998Z,16759.275,1,Sonde 191640461 Preview OK by operator
AVAPS-LOG,2020-02-11 08:33:14.878Z,16761.155,1,Sounding data collection started by operator
AVAPS-LOG,2020-02-11 08:33:24.028Z,16770.304,1,CHANNEL 1 READY for launch
AVAPS-LOG,2020-02-11 08:34:47.279Z,16853.555,7,Sonde 191640469 Launch Detect; Launch Time 2020-02-11 08:34:43.250; Dfile Name D20200211_083443.7
AVAPS-LOG,2020-02-11 08:34:47.279Z,16853.555,7,Sounding Launch Obs identified OK; LLA source is Aircraft Data System
AVAPS-LOG,2020-02-11 08:38:05.786Z,17052.062,6,Sounding STOP request
AVAPS-LOG,2020-02-11 08:38:12.442Z,17058.719,6,Sounding files closed
AVAPS-LOG,2020-02-11 08:38:12.446Z,17058.723,6,Sounding files renamed
AVAPS-LOG,2020-02-11 08:38:12.824Z,17059.101,6,Sounding ENDED
AVAPS-LOG,2020-02-11 08:39:56.278Z,17162.555,8,Sonde 191640474 Launch Detect; Launch Time 2020-02-11 08:39:52.250; Dfile Name D20200211_083952.8
AVAPS-LOG,2020-02-11 08:39:56.279Z,17162.556,8,Sounding Launch Obs identified OK; LLA source is Aircraft Data System
AVAPS-LOG,2020-02-11 08:40:39.179Z,17205.455,2,Sounding START request
AVAPS-LOG,2020-02-11 08:40:39.583Z,17205.859,2,Sounding files created
AVAPS-LOG,2020-02-11 08:40:43.078Z,17209.354,2,Sounding frequency 404.50 selected by operator
AVAPS-LOG,2020-02-11 08:40:54.028Z,17220.304,,Sonde 191640476 GPS Aiding OK for all 9 of 9 messages.
AVAPS-LOG,2020-02-11 08:41:19.182Z,17245.458,2,Sonde 191640476 factory pressure error value is 0.000 mb
AVAPS-LOG,2020-02-11 08:41:21.018Z,17247.295,2,Sonde 191640476 Preview OK by operator
AVAPS-LOG,2020-02-11 08:41:23.879Z,17250.156,2,Sounding data collection started by operator
AVAPS-LOG,2020-02-11 08:41:33.028Z,17259.304,2,CHANNEL 2 READY for launch
AVAPS-LOG,2020-02-11 08:42:56.180Z,17342.456,3,Sounding START request
AVAPS-LOG,2020-02-11 08:42:56.583Z,17342.859,3,Sounding files created
AVAPS-LOG,2020-02-11 08:42:59.678Z,17345.954,3,Sounding frequency 405.50 selected by operator
AVAPS-LOG,2020-02-11 08:43:10.569Z,17356.845,,Sonde 191640471 GPS Aiding OK for all 9 of 9 messages.
AVAPS-LOG,2020-02-11 08:43:22.432Z,17368.708,3,Sonde 191640471 factory pressure error value is 0.000 mb
AVAPS-LOG,2020-02-11 08:43:24.258Z,17370.535,3,Sonde 191640471 Preview OK by operator
AVAPS-LOG,2020-02-11 08:43:26.478Z,17372.755,3,Sounding data collection started by operator
AVAPS-LOG,2020-02-11 08:43:36.029Z,17382.305,3,CHANNEL 3 READY for launch
AVAPS-LOG,2020-02-11 08:44:55.028Z,17461.305,1,Sonde 191640461 Launch Detect; Launch Time 2020-02-11 08:44:51.000; Dfile Name D20200211_084451.1
AVAPS-LOG,2020-02-11 08:44:55.029Z,17461.306,1,Sounding Launch Obs identified OK; LLA source is Aircraft Data System
AVAPS-LOG,2020-02-11 08:47:47.179Z,17633.456,4,Sounding START request
AVAPS-LOG,2020-02-11 08:47:47.583Z,17633.860,4,Sounding files created
AVAPS-LOG,2020-02-11 08:47:51.923Z,17638.199,,Sounding pre-launch program aborted by operator
AVAPS-LOG,2020-02-11 08:47:52.078Z,17638.354,4,Sounding frequency 405.50 selected by operator
AVAPS-LOG,2020-02-11 08:47:57.120Z,17643.396,4,Sounding files closed
AVAPS-LOG,2020-02-11 08:47:57.123Z,17643.399,4,Sounding files deleted
AVAPS-LOG,2020-02-11 08:47:57.124Z,17643.400,4,Sounding ENDED
AVAPS-LOG,2020-02-11 08:48:05.658Z,17651.935,7,Sounding STOP request
AVAPS-LOG,2020-02-11 08:48:17.441Z,17663.717,7,Sounding files closed
AVAPS-LOG,2020-02-11 08:48:17.458Z,17663.734,7,Sounding files renamed
AVAPS-LOG,2020-02-11 08:48:17.702Z,17663.978,7,Sounding ENDED
AVAPS-LOG,2020-02-11 08:48:19.465Z,17665.741,8,Sounding STOP request
AVAPS-LOG,2020-02-11 08:48:24.442Z,17670.719,8,Sounding files closed
AVAPS-LOG,2020-02-11 08:48:24.447Z,17670.724,8,Sounding files renamed
AVAPS-LOG,2020-02-11 08:48:24.676Z,17670.953,8,Sounding ENDED
AVAPS-LOG,2020-02-11 08:48:26.459Z,17672.735,4,Sounding START request
AVAPS-LOG,2020-02-11 08:48:26.784Z,17673.060,4,Sounding files created
AVAPS-LOG,2020-02-11 08:48:30.278Z,17676.554,4,Sounding frequency 400.50 selected by operator
AVAPS-LOG,2020-02-11 08:48:41.058Z,17687.335,,Sonde 192620681 GPS Aiding OK for all 9 of 9 messages.
AVAPS-LOG,2020-02-11 08:48:54.932Z,17701.208,4,Sonde 192620681 factory pressure error value is 0.000 mb
AVAPS-LOG,2020-02-11 08:48:56.748Z,17703.025,4,Sonde 192620681 Preview OK by operator
AVAPS-LOG,2020-02-11 08:48:58.478Z,17704.755,4,Sounding data collection started by operator
AVAPS-LOG,2020-02-11 08:49:08.029Z,17714.305,4,CHANNEL 4 READY for launch
AVAPS-LOG,2020-02-11 08:51:36.029Z,17862.306,2,Sonde 191640476 Launch Detect; Launch Time 2020-02-11 08:51:32.000; Dfile Name D20200211_085132.2
AVAPS-LOG,2020-02-11 08:51:36.029Z,17862.306,2,Sounding Launch Obs identified OK; LLA source is Aircraft Data System
AVAPS-LOG,2020-02-11 08:53:46.579Z,17992.855,1,Sounding STOP request
AVAPS-LOG,2020-02-11 08:53:55.631Z,18001.908,1,Sounding files closed
AVAPS-LOG,2020-02-11 08:53:55.635Z,18001.912,1,Sounding files renamed
AVAPS-LOG,2020-02-11 08:53:55.863Z,18002.140,1,Sounding ENDED
AVAPS-LOG,2020-02-11 08:55:40.780Z,18107.057,3,Sonde 191640471 Launch Detect; Launch Time 2020-02-11 08:55:36.750; Dfile Name D20200211_085537.3
AVAPS-LOG,2020-02-11 08:55:40.781Z,18107.058,3,Sounding Launch Obs identified OK; LLA source is Aircraft Data System
AVAPS-LOG,2020-02-11 08:58:05.220Z,18251.496,5,Sounding START request
AVAPS-LOG,2020-02-11 08:58:05.583Z,18251.859,5,Sounding files created
AVAPS-LOG,2020-02-11 08:58:19.379Z,18265.655,5,Sounding frequency 401.50 selected by operator
AVAPS-LOG,2020-02-11 08:58:30.338Z,18276.614,,Sonde 191720473 GPS Aiding OK for all 9 of 9 messages.
AVAPS-LOG,2020-02-11 08:59:03.182Z,18309.458,5,Sonde 191720473 factory pressure error value is 0.000 mb
AVAPS-LOG,2020-02-11 08:59:05.018Z,18311.294,5,Sonde 191720473 Preview OK by operator
AVAPS-LOG,2020-02-11 08:59:08.178Z,18314.455,5,Sounding data collection started by operator
AVAPS-LOG,2020-02-11 08:59:18.028Z,18324.304,5,CHANNEL 5 READY for launch
AVAPS-LOG,2020-02-11 09:00:23.281Z,18389.557,4,Sonde 192620681 Launch Detect; Launch Time 2020-02-11 09:00:19.250; Dfile Name D20200211_090019.4
AVAPS-LOG,2020-02-11 09:00:23.281Z,18389.557,4,Sounding Launch Obs identified OK; LLA source is Aircraft Data System
AVAPS-LOG,2020-02-11 09:01:16.578Z,18442.854,2,Sounding STOP request
AVAPS-LOG,2020-02-11 09:01:23.834Z,18450.110,2,Sounding files closed
AVAPS-LOG,2020-02-11 09:01:23.838Z,18450.114,2,Sounding files renamed
AVAPS-LOG,2020-02-11 09:01:24.062Z,18450.338,2,Sounding ENDED
AVAPS-LOG,2020-02-11 09:01:27.982Z,18454.259,3,Sounding STOP request
AVAPS-LOG,2020-02-11 09:01:34.627Z,18460.903,3,Sounding files closed
AVAPS-LOG,2020-02-11 09:01:34.631Z,18460.907,3,Sounding files renamed
AVAPS-LOG,2020-02-11 09:01:34.849Z,18461.125,3,Sounding ENDED
AVAPS-LOG,2020-02-11 09:01:54.252Z,18480.528,6,Sounding START request
AVAPS-LOG,2020-02-11 09:01:54.583Z,18480.859,6,Sounding files created
AVAPS-LOG,2020-02-11 09:02:01.978Z,18488.255,6,Sounding frequency 402.50 selected by operator
AVAPS-LOG,2020-02-11 09:02:13.348Z,18499.624,,Sonde 191640488 GPS Aiding OK for all 10 of 10 messages.
AVAPS-LOG,2020-02-11 09:02:39.432Z,18525.709,6,Sonde 191640488 factory pressure error value is 0.000 mb
AVAPS-LOG,2020-02-11 09:02:41.258Z,18527.535,6,Sonde 191640488 Preview OK by operator
AVAPS-LOG,2020-02-11 09:02:42.781Z,18529.057,6,Sounding data collection started by operator
AVAPS-LOG,2020-02-11 09:02:52.028Z,18538.304,6,CHANNEL 6 READY for launch
AVAPS-LOG,2020-02-11 09:03:03.979Z,18550.255,7,Sounding START request
AVAPS-LOG,2020-02-11 09:03:04.383Z,18550.659,7,Sounding files created
AVAPS-LOG,2020-02-11 09:03:08.978Z,18555.254,7,Sounding frequency 403.50 selected by operator
AVAPS-LOG,2020-02-11 09:03:20.679Z,18566.955,,Sonde 192040002 GPS Aiding OK for all 10 of 10 messages.
AVAPS-LOG,2020-02-11 09:03:33.182Z,18579.459,7,Sonde 192040002 factory pressure error value is 0.000 mb
AVAPS-LOG,2020-02-11 09:03:35.009Z,18581.285,7,Sonde 192040002 Preview OK by operator
AVAPS-LOG,2020-02-11 09:03:36.478Z,18582.754,7,Sounding data collection started by operator
AVAPS-LOG,2020-02-11 09:03:46.028Z,18592.304,7,CHANNEL 7 READY for launch
AVAPS-LOG,2020-02-11 09:04:02.987Z,18609.263,8,Sounding START request
AVAPS-LOG,2020-02-11 09:04:03.382Z,18609.658,8,Sounding files created
AVAPS-LOG,2020-02-11 09:04:08.178Z,18614.455,8,Sounding frequency 404.50 selected by operator
AVAPS-LOG,2020-02-11 09:04:19.248Z,18625.524,,Sonde 191720830 GPS Aiding OK for all 10 of 10 messages.
AVAPS-LOG,2020-02-11 09:04:32.182Z,18638.458,8,Sonde 191720830 factory pressure error value is 0.000 mb
AVAPS-LOG,2020-02-11 09:04:34.008Z,18640.284,8,Sonde 191720830 Preview OK by operator
AVAPS-LOG,2020-02-11 09:05:00.029Z,18666.306,5,Sonde 191720473 Launch Detect; Launch Time 2020-02-11 09:04:56.000; Dfile Name D20200211_090456.5
AVAPS-LOG,2020-02-11 09:05:00.030Z,18666.307,5,Sounding Launch Obs identified OK; LLA source is Aircraft Data System
AVAPS-LOG,2020-02-11 09:05:20.480Z,18686.756,8,Sounding data collection started by operator
AVAPS-LOG,2020-02-11 09:05:30.028Z,18696.304,8,CHANNEL 8 READY for launch
AVAPS-LOG,2020-02-11 09:07:31.749Z,18818.025,4,Sounding STOP request
AVAPS-LOG,2020-02-11 09:07:39.045Z,18825.321,4,Sounding files closed
AVAPS-LOG,2020-02-11 09:07:39.050Z,18825.326,4,Sounding files renamed
AVAPS-LOG,2020-02-11 09:07:39.266Z,18825.542,4,Sounding ENDED
AVAPS-LOG,2020-02-11 09:08:46.578Z,18892.855,1,Sounding START request
AVAPS-LOG,2020-02-11 09:08:46.983Z,18893.260,1,Sounding files created
AVAPS-LOG,2020-02-11 09:08:51.878Z,18898.154,1,Sounding frequency 405.50 selected by operator
AVAPS-LOG,2020-02-11 09:09:02.868Z,18909.145,,Sonde 191810575 GPS Aiding OK for all 10 of 10 messages.
AVAPS-LOG,2020-02-11 09:09:19.182Z,18925.459,1,Sonde 191810575 factory pressure error value is 0.000 mb
AVAPS-LOG,2020-02-11 09:09:21.008Z,18927.285,1,Sonde 191810575 Preview OK by operator
AVAPS-LOG,2020-02-11 09:09:22.578Z,18928.855,1,Sounding data collection started by operator
AVAPS-LOG,2020-02-11 09:09:32.028Z,18938.304,1,CHANNEL 1 READY for launch
AVAPS-LOG,2020-02-11 09:11:02.604Z,19028.880,5,Sounding STOP request
AVAPS-LOG,2020-02-11 09:11:10.439Z,19036.715,5,Sounding files closed
AVAPS-LOG,2020-02-11 09:11:10.443Z,19036.719,5,Sounding files renamed
AVAPS-LOG,2020-02-11 09:11:10.637Z,19036.913,5,Sounding ENDED
AVAPS-LOG,2020-02-11 09:12:20.779Z,19107.055,6,Sonde 191640488 Launch Detect; Launch Time 2020-02-11 09:12:16.750; Dfile Name D20200211_091217.6
AVAPS-LOG,2020-02-11 09:12:20.780Z,19107.056,6,Sounding Launch Obs identified OK; LLA source is Aircraft Data System
AVAPS-LOG,2020-02-11 09:17:23.529Z,19409.805,7,Sonde 192040002 Launch Detect; Launch Time 2020-02-11 09:17:19.500; Dfile Name D20200211_091720.7
AVAPS-LOG,2020-02-11 09:17:23.530Z,19409.806,7,Sounding Launch Obs identified OK; LLA source is Aircraft Data System
AVAPS-LOG,2020-02-11 09:20:30.379Z,19596.655,2,Sounding START request
AVAPS-LOG,2020-02-11 09:20:30.783Z,19597.059,2,Sounding files created
AVAPS-LOG,2020-02-11 09:20:35.578Z,19601.854,2,Sounding frequency 400.50 selected by operator
AVAPS-LOG,2020-02-11 09:20:46.149Z,19612.425,,Sonde 191640480 GPS Aiding OK for all 8 of 8 messages.
AVAPS-LOG,2020-02-11 09:21:28.182Z,19654.458,2,Sonde 191640480 factory pressure error value is 0.000 mb
AVAPS-LOG,2020-02-11 09:21:30.008Z,19656.284,2,Sonde 191640480 Preview OK by operator
AVAPS-LOG,2020-02-11 09:21:32.078Z,19658.354,2,Sounding data collection started by operator
AVAPS-LOG,2020-02-11 09:21:42.029Z,19668.305,2,CHANNEL 2 READY for launch
AVAPS-LOG,2020-02-11 09:21:49.420Z,19675.696,6,Sounding STOP request
AVAPS-LOG,2020-02-11 09:21:55.028Z,19681.305,6,Sounding files closed
AVAPS-LOG,2020-02-11 09:21:55.032Z,19681.309,6,Sounding files renamed
AVAPS-LOG,2020-02-11 09:21:55.253Z,19681.530,6,Sounding ENDED
AVAPS-LOG,2020-02-11 09:21:56.828Z,19683.104,7,Sounding STOP request
AVAPS-LOG,2020-02-11 09:22:03.643Z,19689.919,7,Sounding files closed
AVAPS-LOG,2020-02-11 09:22:03.649Z,19689.925,7,Sounding files renamed
AVAPS-LOG,2020-02-11 09:22:03.871Z,19690.147,7,Sounding ENDED
AVAPS-LOG,2020-02-11 09:22:22.028Z,19708.304,8,Sonde 191720830 Launch Detect; Launch Time 2020-02-11 09:22:18.000; Dfile Name D20200211_092218.8
AVAPS-LOG,2020-02-11 09:22:22.029Z,19708.305,8,Sounding Launch Obs identified OK; LLA source is Aircraft Data System
AVAPS-LOG,2020-02-11 09:26:02.578Z,19928.854,3,Sounding START request
AVAPS-LOG,2020-02-11 09:26:02.983Z,19929.259,3,Sounding files created
AVAPS-LOG,2020-02-11 09:26:08.478Z,19934.754,3,Sounding frequency 402.50 selected by operator
AVAPS-LOG,2020-02-11 09:26:19.259Z,19945.535,,Sonde 191640546 GPS Aiding OK for all 9 of 9 messages.
AVAPS-LOG,2020-02-11 09:26:31.182Z,19957.459,3,Sonde 191640546 factory pressure error value is 0.000 mb
AVAPS-LOG,2020-02-11 09:26:33.008Z,19959.285,3,Sonde 191640546 Preview OK by operator
AVAPS-LOG,2020-02-11 09:26:36.879Z,19963.155,3,Sounding data collection started by operator
AVAPS-LOG,2020-02-11 09:26:46.028Z,19972.304,3,CHANNEL 3 READY for launch
AVAPS-LOG,2020-02-11 09:27:31.029Z,20017.305,1,Sonde 191810575 Launch Detect; Launch Time 2020-02-11 09:27:27.000; Dfile Name D20200211_092727.1
AVAPS-LOG,2020-02-11 09:27:31.030Z,20017.306,1,Sounding Launch Obs identified OK; LLA source is Aircraft Data System
AVAPS-LOG,2020-02-11 09:29:53.605Z,20159.881,8,Sounding STOP request
AVAPS-LOG,2020-02-11 09:29:59.639Z,20165.915,8,Sounding files closed
AVAPS-LOG,2020-02-11 09:29:59.643Z,20165.919,8,Sounding files renamed
AVAPS-LOG,2020-02-11 09:29:59.888Z,20166.164,8,Sounding ENDED
AVAPS-LOG,2020-02-11 09:30:32.179Z,20198.455,4,Sounding START request
AVAPS-LOG,2020-02-11 09:30:32.583Z,20198.859,4,Sounding files created
AVAPS-LOG,2020-02-11 09:30:36.878Z,20203.155,4,Sounding frequency 403.50 selected by operator
AVAPS-LOG,2020-02-11 09:30:47.928Z,20214.204,,Sonde 191640460 GPS Aiding OK for all 9 of 9 messages.
AVAPS-LOG,2020-02-11 09:31:01.432Z,20227.708,4,Sonde 191640460 factory pressure error value is 0.000 mb
AVAPS-LOG,2020-02-11 09:31:03.258Z,20229.534,4,Sonde 191640460 Preview OK by operator
AVAPS-LOG,2020-02-11 09:31:07.878Z,20234.154,4,Sounding data collection started by operator
AVAPS-LOG,2020-02-11 09:31:17.028Z,20243.304,4,CHANNEL 4 READY for launch
AVAPS-LOG,2020-02-11 09:34:38.030Z,20444.306,2,Sonde 191640480 Launch Detect; Launch Time 2020-02-11 09:34:34.000; Dfile Name D20200211_093434.2
AVAPS-LOG,2020-02-11 09:34:38.030Z,20444.306,2,Sounding Launch Obs identified OK; LLA source is Aircraft Data System
AVAPS-LOG,2020-02-11 09:38:08.389Z,20654.665,5,Sounding START request
AVAPS-LOG,2020-02-11 09:38:08.783Z,20655.059,5,Sounding files created
AVAPS-LOG,2020-02-11 09:38:12.378Z,20658.655,5,Sounding frequency 404.50 selected by operator
AVAPS-LOG,2020-02-11 09:38:23.258Z,20669.534,,Sonde 191820266 GPS Aiding OK for all 9 of 9 messages.
AVAPS-LOG,2020-02-11 09:38:48.682Z,20694.959,5,Sonde 191820266 factory pressure error value is 0.000 mb
AVAPS-LOG,2020-02-11 09:38:50.519Z,20696.795,5,Sonde 191820266 Preview OK by operator
AVAPS-LOG,2020-02-11 09:38:52.979Z,20699.255,5,Sounding data collection started by operator
AVAPS-LOG,2020-02-11 09:39:03.029Z,20709.306,5,CHANNEL 5 READY for launch
AVAPS-LOG,2020-02-11 09:40:07.780Z,20774.056,1,Sounding STOP request
AVAPS-LOG,2020-02-11 09:40:13.036Z,20779.313,1,Sounding files closed
AVAPS-LOG,2020-02-11 09:40:13.040Z,20779.317,1,Sounding files renamed
AVAPS-LOG,2020-02-11 09:40:13.314Z,20779.591,1,Sounding ENDED
AVAPS-LOG,2020-02-11 09:40:19.013Z,20785.289,2,Sounding STOP request
AVAPS-LOG,2020-02-11 09:40:25.633Z,20791.909,2,Sounding files closed
AVAPS-LOG,2020-02-11 09:40:25.638Z,20791.914,2,Sounding files renamed
AVAPS-LOG,2020-02-11 09:40:25.862Z,20792.138,2,Sounding ENDED
AVAPS-LOG,2020-02-11 09:43:15.029Z,20961.305,3,Sonde 191640546 Launch Detect; Launch Time 2020-02-11 09:43:11.000; Dfile Name D20200211_094311.3
AVAPS-LOG,2020-02-11 09:43:15.029Z,20961.305,3,Sounding Launch Obs identified OK; LLA source is Aircraft Data System
AVAPS-LOG,2020-02-11 09:48:27.280Z,21273.556,4,Sonde 191640460 Launch Detect; Launch Time 2020-02-11 09:48:23.250; Dfile Name D20200211_094823.4
AVAPS-LOG,2020-02-11 09:48:27.281Z,21273.557,4,Sounding Launch Obs identified OK; LLA source is Aircraft Data System
AVAPS-LOG,2020-02-11 09:57:53.978Z,21840.254,3,Sounding STOP request
AVAPS-LOG,2020-02-11 09:58:00.436Z,21846.713,3,Sounding files closed
AVAPS-LOG,2020-02-11 09:58:00.441Z,21846.718,3,Sounding files renamed
AVAPS-LOG,2020-02-11 09:58:00.711Z,21846.988,3,Sounding ENDED
AVAPS-LOG,2020-02-11 09:58:02.179Z,21848.456,4,Sounding STOP request
AVAPS-LOG,2020-02-11 09:58:07.432Z,21853.708,4,Sounding files closed
AVAPS-LOG,2020-02-11 09:58:07.438Z,21853.714,4,Sounding files renamed
AVAPS-LOG,2020-02-11 09:58:07.682Z,21853.958,4,Sounding ENDED
AVAPS-LOG,2020-02-11 09:58:12.487Z,21858.763,5,Sounding STOP request
AVAPS-LOG,2020-02-11 09:58:17.198Z,21863.475,5,Sounding files closed
AVAPS-LOG,2020-02-11 09:58:17.202Z,21863.479,5,Sounding files deleted
AVAPS-LOG,2020-02-11 09:58:17.203Z,21863.480,5,Sounding ENDED
