AVAPS-LOG,UTC Date & Time,Session Time,Channel,Event or Error Message,Calling Context
AVAPS-LOG,2020-02-09 02:17:02.105Z,0.000,,*** AVAPS II SYSTEM LOG FILE ***
AVAPS-LOG,2020-02-09 02:17:07.160Z,5.055,,Serial port initialization complete: no errors.
AVAPS-LOG,2020-02-09 02:17:11.393Z,9.288,,GPS Reference Receiver UART 1 configuration commands sent
AVAPS-LOG,2020-02-09 02:17:15.796Z,13.691,,GPS Reference Receiver UART 2 configuration commands sent
AVAPS-LOG,2020-02-09 02:17:21.400Z,19.295,,Serial port initialization complete: no errors.
AVAPS-LOG,2020-02-09 02:17:24.168Z,22.062,,PC Clock set to: 2020-02-09 02:17:24.168 using GPS Reference Receiver data - PC Clock error was: 0.093 sec
AVAPS-LOG,2020-02-09 02:18:39.457Z,97.352,,Automated System Tests:  No Errors Detected...
AVAPS-LOG,2020-02-09 02:18:39.485Z,97.380,,Spectrum Analyzer program started
AVAPS-LOG,2020-02-09 02:18:39.485Z,97.380,,Aircraft Data Acq program started
AVAPS-LOG,2020-02-09 02:18:39.547Z,97.442,,Spectrum Analyzer Data Acq data log file created
AVAPS-LOG,2020-02-09 02:18:39.579Z,97.474,,Sounding Supervisor program started
AVAPS-LOG,2020-02-09 02:18:39.611Z,97.506,,GPS Reference Receiver (NMEA) data log file created
AVAPS-LOG,2020-02-09 02:18:39.611Z,97.506,,GPS Reference Data Acq (NMEA) program started
AVAPS-LOG,2020-02-09 02:18:39.612Z,97.507,,Aircraft Data Acq data log file created
AVAPS-LOG,2020-02-09 02:18:40.158Z,98.053,,PC Clock set to: 2020-02-09 02:18:40.159 using GPS Reference Receiver data - PC Clock error was: -0.012 sec
AVAPS-LOG,2020-02-09 02:27:10.403Z,608.298,1,Sounding START request
AVAPS-LOG,2020-02-09 02:27:10.772Z,608.667,1,Sounding files created
AVAPS-LOG,2020-02-09 02:27:11.158Z,609.053,,PC Clock set to: 2020-02-09 02:27:11.159 using GPS Reference Receiver data - PC Clock error was: 0.040 sec
AVAPS-LOG,2020-02-09 02:27:18.929Z,616.824,1,Sounding frequency 400.50 selected by operator
AVAPS-LOG,2020-02-09 02:27:30.759Z,628.654,,Sonde 191010450 GPS Aiding OK for all 14 of 14 messages.
AVAPS-LOG,2020-02-09 02:27:31.507Z,629.402,,Sounding pre-launch program aborted by operator
AVAPS-LOG,2020-02-09 02:27:31.929Z,629.824,1,Sonde 191010450 factory pressure error value is 0.000 mb
AVAPS-LOG,2020-02-09 02:27:31.931Z,629.826,1,Sonde 191010450 Preview aborted by operator
AVAPS-LOG,2020-02-09 02:27:31.951Z,629.846,1,Sounding files closed
AVAPS-LOG,2020-02-09 02:27:31.953Z,629.848,1,Sounding files deleted
AVAPS-LOG,2020-02-09 02:27:31.953Z,629.848,1,Sounding ENDED
AVAPS-LOG,2020-02-09 03:29:34.462Z,4352.357,1,Sounding START request
AVAPS-LOG,2020-02-09 03:29:34.732Z,4352.627,1,Sounding files created
AVAPS-LOG,2020-02-09 03:29:35.158Z,4353.053,,PC Clock set to: 2020-02-09 03:29:35.159 using GPS Reference Receiver data - PC Clock error was: 0.040 sec
AVAPS-LOG,2020-02-09 03:29:46.088Z,4363.983,1,Sounding frequency 400.50 selected by operator
AVAPS-LOG,2020-02-09 03:29:57.899Z,4375.794,,Sonde 182620659 GPS Aiding OK for all 12 of 12 messages.
AVAPS-LOG,2020-02-09 03:31:26.392Z,4464.287,1,Sonde 182620659 pressure error value entered manually as -0.600 mb
AVAPS-LOG,2020-02-09 03:31:28.209Z,4466.104,1,Sonde 182620659 Preview OK by operator
AVAPS-LOG,2020-02-09 03:31:30.088Z,4467.983,1,Sounding data collection started by operator
AVAPS-LOG,2020-02-09 03:31:40.039Z,4477.934,1,CHANNEL 1 READY for launch
AVAPS-LOG,2020-02-09 03:32:17.690Z,4515.585,2,Sounding START request
AVAPS-LOG,2020-02-09 03:32:18.092Z,4515.987,2,Sounding files created
AVAPS-LOG,2020-02-09 03:32:22.488Z,4520.383,2,Sounding frequency 401.50 selected by operator
AVAPS-LOG,2020-02-09 03:32:34.049Z,4531.944,,Sonde 191940440 GPS Aiding OK for all 12 of 12 messages.
AVAPS-LOG,2020-02-09 03:33:29.540Z,4587.435,1,Sonde 182620659 Launch Detect; Launch Time 2020-02-09 03:33:25.500; Dfile Name D20200209_033326.1
AVAPS-LOG,2020-02-09 03:33:29.540Z,4587.435,1,Sounding Launch Obs identified OK; LLA source is Aircraft Data System
AVAPS-LOG,2020-02-09 03:34:37.089Z,4654.984,,Sounding pre-launch program aborted by operator
AVAPS-LOG,2020-02-09 03:34:37.389Z,4655.284,2,Sonde 191940440 factory pressure error value is 0.000 mb
AVAPS-LOG,2020-02-09 03:34:37.391Z,4655.286,2,Sonde 191940440 Preview aborted by operator
AVAPS-LOG,2020-02-09 03:34:37.407Z,4655.302,2,Sounding files closed
AVAPS-LOG,2020-02-09 03:34:37.408Z,4655.303,2,Sounding files deleted
AVAPS-LOG,2020-02-09 03:34:37.409Z,4655.304,2,Sounding ENDED
AVAPS-LOG,2020-02-09 03:35:20.088Z,4697.983,2,Sounding START request
AVAPS-LOG,2020-02-09 03:35:20.491Z,4698.386,2,Sounding files created
AVAPS-LOG,2020-02-09 03:35:22.688Z,4700.583,2,Sounding frequency 401.50 selected by operator
AVAPS-LOG,2020-02-09 03:35:34.268Z,4712.163,,Sonde 191940440 GPS Aiding OK for all 12 of 12 messages.
AVAPS-LOG,2020-02-09 03:36:42.392Z,4780.287,2,Sonde 191940440 factory pressure error value is 0.000 mb
AVAPS-LOG,2020-02-09 03:36:44.208Z,4782.103,2,Sonde 191940440 Preview OK by operator
AVAPS-LOG,2020-02-09 03:36:46.088Z,4783.983,2,Sounding data collection started by operator
AVAPS-LOG,2020-02-09 03:36:56.039Z,4793.934,2,CHANNEL 2 READY for launch
AVAPS-LOG,2020-02-09 03:39:02.539Z,4920.434,2,Sonde 191940440 Launch Detect; Launch Time 2020-02-09 03:38:58.500; Dfile Name D20200209_033858.2
AVAPS-LOG,2020-02-09 03:39:02.540Z,4920.435,2,Sounding Launch Obs identified OK; LLA source is Aircraft Data System
AVAPS-LOG,2020-02-09 03:41:25.894Z,5063.789,3,Sounding START request
AVAPS-LOG,2020-02-09 03:41:26.292Z,5064.187,3,Sounding files created
AVAPS-LOG,2020-02-09 03:41:29.888Z,5067.783,3,Sounding frequency 402.50 selected by operator
AVAPS-LOG,2020-02-09 03:41:41.498Z,5079.393,,Sonde 190140129 GPS Aiding OK for all 12 of 12 messages.
AVAPS-LOG,2020-02-09 03:42:42.643Z,5140.538,3,Sonde 190140129 factory pressure error value is 0.000 mb
AVAPS-LOG,2020-02-09 03:42:44.459Z,5142.354,3,Sonde 190140129 Preview OK by operator
AVAPS-LOG,2020-02-09 03:42:47.289Z,5145.184,3,Sounding data collection started by operator
AVAPS-LOG,2020-02-09 03:42:57.038Z,5154.933,3,CHANNEL 3 READY for launch
AVAPS-LOG,2020-02-09 03:43:12.790Z,5170.685,3,Sonde 190140129 Launch Detect; Launch Time 2020-02-09 03:43:08.750; Dfile Name D20200209_034309.3
AVAPS-LOG,2020-02-09 03:43:12.790Z,5170.685,3,Sounding Launch Obs identified OK; LLA source is Aircraft Data System
AVAPS-LOG,2020-02-09 03:43:50.278Z,5208.173,4,Sounding START request
AVAPS-LOG,2020-02-09 03:43:50.491Z,5208.386,4,Sounding files created
AVAPS-LOG,2020-02-09 03:43:56.189Z,5214.084,4,Sounding frequency 403.50 selected by operator
AVAPS-LOG,2020-02-09 03:44:07.708Z,5225.603,,Sonde 192220333 GPS Aiding OK for all 12 of 12 messages.
AVAPS-LOG,2020-02-09 03:45:19.892Z,5297.787,4,Sonde 192220333 factory pressure error value is 0.000 mb
AVAPS-LOG,2020-02-09 03:45:21.729Z,5299.624,4,Sonde 192220333 Preview OK by operator
AVAPS-LOG,2020-02-09 03:45:23.489Z,5301.384,4,Sounding data collection started by operator
AVAPS-LOG,2020-02-09 03:45:33.039Z,5310.934,4,CHANNEL 4 READY for launch
AVAPS-LOG,2020-02-09 03:46:30.540Z,5368.435,4,Sonde 192220333 Launch Detect; Launch Time 2020-02-09 03:46:26.500; Dfile Name D20200209_034626.4
AVAPS-LOG,2020-02-09 03:46:30.540Z,5368.435,4,Sounding Launch Obs identified OK; LLA source is Aircraft Data System
AVAPS-LOG,2020-02-09 03:48:40.454Z,5498.349,1,Sounding STOP request
AVAPS-LOG,2020-02-09 03:48:51.153Z,5509.048,1,Sounding files closed
AVAPS-LOG,2020-02-09 03:48:51.157Z,5509.052,1,Sounding files renamed
AVAPS-LOG,2020-02-09 03:48:51.356Z,5509.251,1,Sounding ENDED
AVAPS-LOG,2020-02-09 03:48:52.489Z,5510.384,2,Sounding STOP request
AVAPS-LOG,2020-02-09 03:48:58.550Z,5516.445,2,Sounding files closed
AVAPS-LOG,2020-02-09 03:48:58.556Z,5516.451,2,Sounding files renamed
AVAPS-LOG,2020-02-09 03:48:58.739Z,5516.634,2,Sounding ENDED
AVAPS-LOG,2020-02-09 03:49:00.510Z,5518.405,3,Sounding STOP request
AVAPS-LOG,2020-02-09 03:49:08.150Z,5526.045,3,Sounding files closed
AVAPS-LOG,2020-02-09 03:49:08.154Z,5526.049,3,Sounding files renamed
AVAPS-LOG,2020-02-09 03:49:08.323Z,5526.218,3,Sounding ENDED
AVAPS-LOG,2020-02-09 03:51:03.911Z,5641.806,4,Sounding STOP request
AVAPS-LOG,2020-02-09 03:51:11.337Z,5649.232,4,Sounding files closed
AVAPS-LOG,2020-02-09 03:51:11.341Z,5649.236,4,Sounding files renamed
AVAPS-LOG,2020-02-09 03:51:11.510Z,5649.405,4,Sounding ENDED
AVAPS-LOG,2020-02-09 04:05:30.490Z,6508.385,5,Sounding START request
AVAPS-LOG,2020-02-09 04:05:30.893Z,6508.788,5,Sounding files created
AVAPS-LOG,2020-02-09 04:05:31.149Z,6509.043,,PC Clock set to: 2020-02-09 04:05:31.149 using GPS Reference Receiver data - PC Clock error was: 0.050 sec
AVAPS-LOG,2020-02-09 04:05:36.938Z,6514.833,5,Sounding frequency 404.50 selected by operator
AVAPS-LOG,2020-02-09 04:05:48.428Z,6526.323,,Sonde 192040943 GPS Aiding OK for all 11 of 11 messages.
AVAPS-LOG,2020-02-09 04:06:00.842Z,6538.737,5,Sonde 192040943 factory pressure error value is 0.000 mb
AVAPS-LOG,2020-02-09 04:06:02.668Z,6540.563,5,Sonde 192040943 Preview OK by operator
AVAPS-LOG,2020-02-09 04:06:04.438Z,6542.333,5,Sounding data collection started by operator
AVAPS-LOG,2020-02-09 04:06:14.038Z,6551.933,5,CHANNEL 5 READY for launch
AVAPS-LOG,2020-02-09 04:06:53.039Z,6590.934,6,Sounding START request
AVAPS-LOG,2020-02-09 04:06:53.441Z,6591.336,6,Sounding files created
AVAPS-LOG,2020-02-09 04:06:58.438Z,6596.333,6,Sounding frequency 405.50 selected by operator
AVAPS-LOG,2020-02-09 04:07:09.639Z,6607.534,,Sonde 191010450 GPS Aiding OK for all 11 of 11 messages.
AVAPS-LOG,2020-02-09 04:07:23.592Z,6621.487,6,Sonde 191010450 factory pressure error value is 0.000 mb
AVAPS-LOG,2020-02-09 04:07:25.418Z,6623.313,6,Sonde 191010450 Preview OK by operator
AVAPS-LOG,2020-02-09 04:07:30.239Z,6628.134,6,Sounding data collection started by operator
AVAPS-LOG,2020-02-09 04:07:40.038Z,6637.933,6,CHANNEL 6 READY for launch
AVAPS-LOG,2020-02-09 04:14:20.902Z,7038.797,7,Sounding START request
AVAPS-LOG,2020-02-09 04:14:21.241Z,7039.136,7,Sounding files created
AVAPS-LOG,2020-02-09 04:14:32.238Z,7050.133,7,Sounding frequency 401.50 selected by operator
AVAPS-LOG,2020-02-09 04:14:43.728Z,7061.623,,Sonde 183331025 GPS Aiding OK for all 11 of 11 messages.
AVAPS-LOG,2020-02-09 04:15:02.092Z,7079.987,7,Sonde 183331025 factory pressure error value is 0.000 mb
AVAPS-LOG,2020-02-09 04:15:03.918Z,7081.813,7,Sonde 183331025 Preview OK by operator
AVAPS-LOG,2020-02-09 04:15:14.538Z,7092.433,7,Sounding data collection started by operator
AVAPS-LOG,2020-02-09 04:15:24.038Z,7101.933,7,CHANNEL 7 READY for launch
AVAPS-LOG,2020-02-09 04:18:32.539Z,7290.434,5,Sonde 192040943 Launch Detect; Launch Time 2020-02-09 04:18:28.500; Dfile Name D20200209_041828.5
AVAPS-LOG,2020-02-09 04:18:32.540Z,7290.435,5,Sounding Launch Obs identified OK; LLA source is Aircraft Data System
AVAPS-LOG,2020-02-09 04:19:13.630Z,7331.525,8,Sounding START request
AVAPS-LOG,2020-02-09 04:19:13.844Z,7331.739,8,Sounding files created
AVAPS-LOG,2020-02-09 04:19:23.238Z,7341.133,8,Sounding frequency 402.50 selected by operator
AVAPS-LOG,2020-02-09 04:19:34.808Z,7352.703,,Sonde 192741798 GPS Aiding OK for all 12 of 12 messages.
AVAPS-LOG,2020-02-09 04:19:50.093Z,7367.988,8,Sonde 192741798 pressure error value entered manually as -0.600 mb
AVAPS-LOG,2020-02-09 04:19:51.908Z,7369.803,8,Sonde 192741798 Preview OK by operator
AVAPS-LOG,2020-02-09 04:19:54.038Z,7371.933,8,Sounding data collection started by operator
AVAPS-LOG,2020-02-09 04:20:04.038Z,7381.933,8,CHANNEL 8 READY for launch
AVAPS-LOG,2020-02-09 04:25:34.788Z,7712.683,6,Sonde 191010450 Launch Detect; Launch Time 2020-02-09 04:25:30.750; Dfile Name D20200209_042531.6
AVAPS-LOG,2020-02-09 04:25:34.789Z,7712.684,6,Sounding Launch Obs identified OK; LLA source is Aircraft Data System
AVAPS-LOG,2020-02-09 04:30:04.263Z,7982.158,5,Sounding STOP request
AVAPS-LOG,2020-02-09 04:30:10.088Z,7987.983,5,Sounding files closed
AVAPS-LOG,2020-02-09 04:30:10.092Z,7987.987,5,Sounding files renamed
AVAPS-LOG,2020-02-09 04:30:10.394Z,7988.289,5,Sounding ENDED
AVAPS-LOG,2020-02-09 04:32:29.289Z,8127.184,7,Sonde 183331025 Launch Detect; Launch Time 2020-02-09 04:32:25.250; Dfile Name D20200209_043225.7
AVAPS-LOG,2020-02-09 04:32:29.289Z,8127.184,7,Sounding Launch Obs identified OK; LLA source is Aircraft Data System
AVAPS-LOG,2020-02-09 04:36:56.198Z,8394.093,1,Sounding START request
AVAPS-LOG,2020-02-09 04:36:56.442Z,8394.337,1,Sounding files created
AVAPS-LOG,2020-02-09 04:37:00.439Z,8398.334,1,Sounding frequency 403.50 selected by operator
AVAPS-LOG,2020-02-09 04:37:12.048Z,8409.943,,Sonde 184750338 GPS Aiding OK for all 12 of 12 messages.
AVAPS-LOG,2020-02-09 04:37:31.591Z,8429.486,1,Sonde 184750338 factory pressure error value is 0.000 mb
AVAPS-LOG,2020-02-09 04:37:33.408Z,8431.303,1,Sonde 184750338 Preview OK by operator
AVAPS-LOG,2020-02-09 04:37:41.138Z,8439.033,1,Sounding data collection started by operator
AVAPS-LOG,2020-02-09 04:37:51.038Z,8448.933,1,CHANNEL 1 READY for launch
AVAPS-LOG,2020-02-09 04:38:35.102Z,8492.997,6,Sounding STOP request
AVAPS-LOG,2020-02-09 04:38:42.503Z,8500.398,6,Sounding files closed
AVAPS-LOG,2020-02-09 04:38:42.507Z,8500.402,6,Sounding files renamed
AVAPS-LOG,2020-02-09 04:38:42.830Z,8500.725,6,Sounding ENDED
AVAPS-LOG,2020-02-09 04:39:51.789Z,8569.684,8,Sonde 192741798 Launch Detect; Launch Time 2020-02-09 04:39:47.750; Dfile Name D20200209_043948.8
AVAPS-LOG,2020-02-09 04:39:51.790Z,8569.685,8,Sounding Launch Obs identified OK; LLA source is Aircraft Data System
AVAPS-LOG,2020-02-09 04:40:24.039Z,8601.934,2,Sounding START request
AVAPS-LOG,2020-02-09 04:40:24.442Z,8602.337,2,Sounding files created
AVAPS-LOG,2020-02-09 04:40:27.638Z,8605.533,2,Sounding frequency 404.50 selected by operator
AVAPS-LOG,2020-02-09 04:40:39.948Z,8617.843,,Sonde 192040578 GPS Aiding OK for all 12 of 12 messages.
AVAPS-LOG,2020-02-09 04:40:53.591Z,8631.486,2,Sonde 192040578 factory pressure error value is 0.000 mb
AVAPS-LOG,2020-02-09 04:40:55.418Z,8633.313,2,Sonde 192040578 Preview OK by operator
AVAPS-LOG,2020-02-09 04:40:59.339Z,8637.234,2,Sounding data collection started by operator
AVAPS-LOG,2020-02-09 04:41:09.038Z,8646.933,2,CHANNEL 2 READY for launch
AVAPS-LOG,2020-02-09 04:43:58.751Z,8816.646,7,Sounding STOP request
AVAPS-LOG,2020-02-09 04:44:05.697Z,8823.592,7,Sounding files closed
AVAPS-LOG,2020-02-09 04:44:05.702Z,8823.597,7,Sounding files renamed
AVAPS-LOG,2020-02-09 04:44:06.023Z,8823.918,7,Sounding ENDED
AVAPS-LOG,2020-02-09 04:47:48.289Z,9046.184,1,Sonde 184750338 Launch Detect; Launch Time 2020-02-09 04:47:44.250; Dfile Name D20200209_044744.1
AVAPS-LOG,2020-02-09 04:47:48.290Z,9046.185,1,Sounding Launch Obs identified OK; LLA source is Aircraft Data System
AVAPS-LOG,2020-02-09 04:48:36.927Z,9094.822,3,Sounding START request
AVAPS-LOG,2020-02-09 04:48:37.242Z,9095.137,3,Sounding files created
AVAPS-LOG,2020-02-09 04:48:41.239Z,9099.134,3,Sounding frequency 405.50 selected by operator
AVAPS-LOG,2020-02-09 04:48:52.748Z,9110.643,,Sonde 192731124 GPS Aiding OK for all 12 of 12 messages.
AVAPS-LOG,2020-02-09 04:49:05.842Z,9123.737,3,Sonde 192731124 factory pressure error value is 0.000 mb
AVAPS-LOG,2020-02-09 04:49:07.668Z,9125.563,3,Sonde 192731124 Preview OK by operator
AVAPS-LOG,2020-02-09 04:49:11.538Z,9129.433,3,Sounding data collection started by operator
AVAPS-LOG,2020-02-09 04:49:21.039Z,9138.934,3,CHANNEL 3 READY for launch
AVAPS-LOG,2020-02-09 04:50:39.839Z,9217.734,8,Sounding STOP request
AVAPS-LOG,2020-02-09 04:50:46.101Z,9223.996,8,Sounding files closed
AVAPS-LOG,2020-02-09 04:50:46.105Z,9224.000,8,Sounding files renamed
AVAPS-LOG,2020-02-09 04:50:46.423Z,9224.318,8,Sounding ENDED
AVAPS-LOG,2020-02-09 04:55:25.289Z,9503.184,2,Sonde 192040578 Launch Detect; Launch Time 2020-02-09 04:55:21.250; Dfile Name D20200209_045521.2
AVAPS-LOG,2020-02-09 04:55:25.289Z,9503.184,2,Sounding Launch Obs identified OK; LLA source is Aircraft Data System
AVAPS-LOG,2020-02-09 04:55:55.238Z,9533.133,4,Sounding START request
AVAPS-LOG,2020-02-09 04:55:55.643Z,9533.538,4,Sounding files created
AVAPS-LOG,2020-02-09 04:55:59.538Z,9537.433,4,Sounding frequency 400.50 selected by operator
AVAPS-LOG,2020-02-09 04:56:11.178Z,9549.073,,Sonde 000007000 GPS Aiding OK for all 13 of 13 messages.
AVAPS-LOG,2020-02-09 04:56:48.593Z,9586.487,4,Sonde 000007000 factory pressure error value is 0.000 mb
AVAPS-LOG,2020-02-09 04:56:50.409Z,9588.304,4,Sonde 000007000 Preview OK by operator
AVAPS-LOG,2020-02-09 04:56:52.338Z,9590.233,4,Sounding data collection started by operator
AVAPS-LOG,2020-02-09 04:57:02.039Z,9599.934,4,CHANNEL 4 READY for launch
AVAPS-LOG,2020-02-09 04:57:13.544Z,9611.439,4,Sounding STOP request
AVAPS-LOG,2020-02-09 04:57:19.270Z,9617.165,4,Sounding files closed
AVAPS-LOG,2020-02-09 04:57:19.271Z,9617.166,4,Sounding files deleted
AVAPS-LOG,2020-02-09 04:57:19.272Z,9617.167,4,Sounding ENDED
AVAPS-LOG,2020-02-09 04:57:57.023Z,9654.918,4,Sounding START request
AVAPS-LOG,2020-02-09 04:57:57.241Z,9655.136,4,Sounding files created
AVAPS-LOG,2020-02-09 04:58:11.538Z,9669.433,4,Sounding frequency 400.50 selected by operator
AVAPS-LOG,2020-02-09 04:58:23.568Z,9681.463,,Sonde 192620474 GPS Aiding OK for all 13 of 13 messages.
AVAPS-LOG,2020-02-09 04:58:42.841Z,9700.736,4,Sonde 192620474 factory pressure error value is 0.000 mb
AVAPS-LOG,2020-02-09 04:58:44.658Z,9702.553,4,Sonde 192620474 Preview OK by operator
AVAPS-LOG,2020-02-09 04:58:47.338Z,9705.233,4,Sounding data collection started by operator
AVAPS-LOG,2020-02-09 04:58:57.038Z,9714.933,4,CHANNEL 4 READY for launch
AVAPS-LOG,2020-02-09 04:59:32.255Z,9750.150,5,Sounding START request
AVAPS-LOG,2020-02-09 04:59:32.643Z,9750.538,5,Sounding files created
AVAPS-LOG,2020-02-09 04:59:36.138Z,9754.033,5,Sounding frequency 401.50 selected by operator
AVAPS-LOG,2020-02-09 04:59:47.878Z,9765.773,,Sonde 192731122 GPS Aiding OK for all 13 of 13 messages.
AVAPS-LOG,2020-02-09 05:00:06.342Z,9784.237,5,Sonde 192731122 pressure error value entered manually as -0.500 mb
AVAPS-LOG,2020-02-09 05:00:08.168Z,9786.063,5,Sonde 192731122 Preview OK by operator
AVAPS-LOG,2020-02-09 05:00:10.138Z,9788.033,5,Sounding data collection started by operator
AVAPS-LOG,2020-02-09 05:00:20.039Z,9797.934,5,CHANNEL 5 READY for launch
AVAPS-LOG,2020-02-09 05:02:11.039Z,9908.934,3,Sonde 192731124 Launch Detect; Launch Time 2020-02-09 05:02:07.000; Dfile Name D20200209_050207.3
AVAPS-LOG,2020-02-09 05:02:11.040Z,9908.935,3,Sounding Launch Obs identified OK; LLA source is Aircraft Data System
AVAPS-LOG,2020-02-09 05:03:11.311Z,9969.206,1,Sounding STOP request
AVAPS-LOG,2020-02-09 05:03:17.305Z,9975.200,1,Sounding files closed
AVAPS-LOG,2020-02-09 05:03:17.309Z,9975.204,1,Sounding files renamed
AVAPS-LOG,2020-02-09 05:03:17.612Z,9975.507,1,Sounding ENDED
AVAPS-LOG,2020-02-09 05:03:18.744Z,9976.639,6,Sounding START request
AVAPS-LOG,2020-02-09 05:03:19.042Z,9976.937,6,Sounding files created
AVAPS-LOG,2020-02-09 05:03:23.438Z,9981.333,6,Sounding frequency 402.50 selected by operator
AVAPS-LOG,2020-02-09 05:03:41.768Z,9999.663,,Sonde 191720843 GPS Aiding OK for all 13 of 13 messages.
AVAPS-LOG,2020-02-09 05:03:55.842Z,10013.737,6,Sonde 191720843 factory pressure error value is 0.000 mb
AVAPS-LOG,2020-02-09 05:03:57.658Z,10015.553,6,Sonde 191720843 Preview OK by operator
AVAPS-LOG,2020-02-09 05:04:23.339Z,10041.234,6,Sounding data collection started by operator
AVAPS-LOG,2020-02-09 05:04:33.038Z,10050.933,6,CHANNEL 6 READY for launch
AVAPS-LOG,2020-02-09 05:08:28.664Z,10286.559,2,Sounding STOP request
AVAPS-LOG,2020-02-09 05:08:35.698Z,10293.593,2,Sounding files closed
AVAPS-LOG,2020-02-09 05:08:35.702Z,10293.597,2,Sounding files renamed
AVAPS-LOG,2020-02-09 05:08:36.011Z,10293.906,2,Sounding ENDED
AVAPS-LOG,2020-02-09 05:08:37.039Z,10294.934,4,Sonde 192620474 Launch Detect; Launch Time 2020-02-09 05:08:33.000; Dfile Name D20200209_050833.4
AVAPS-LOG,2020-02-09 05:08:37.040Z,10294.935,4,Sounding Launch Obs identified OK; LLA source is Aircraft Data System
AVAPS-LOG,2020-02-09 05:09:22.041Z,10339.936,7,Sounding START request
AVAPS-LOG,2020-02-09 05:09:22.443Z,10340.338,7,Sounding files created
AVAPS-LOG,2020-02-09 05:09:26.038Z,10343.933,7,Sounding frequency 403.50 selected by operator
AVAPS-LOG,2020-02-09 05:09:37.749Z,10355.643,,Sonde 192740639 GPS Aiding OK for all 12 of 12 messages.
AVAPS-LOG,2020-02-09 05:10:11.591Z,10389.486,7,Sonde 192740639 pressure error value entered manually as -0.600 mb
AVAPS-LOG,2020-02-09 05:10:13.409Z,10391.304,7,Sonde 192740639 Preview OK by operator
AVAPS-LOG,2020-02-09 05:10:18.738Z,10396.633,7,Sounding data collection started by operator
AVAPS-LOG,2020-02-09 05:10:28.039Z,10405.934,7,CHANNEL 7 READY for launch
AVAPS-LOG,2020-02-09 05:13:52.721Z,10610.616,3,Sounding STOP request
AVAPS-LOG,2020-02-09 05:14:00.891Z,10618.786,3,Sounding files closed
AVAPS-LOG,2020-02-09 05:14:00.895Z,10618.790,3,Sounding files renamed
AVAPS-LOG,2020-02-09 05:14:01.201Z,10619.096,3,Sounding ENDED
AVAPS-LOG,2020-02-09 05:14:47.540Z,10665.435,5,Sonde 192731122 Launch Detect; Launch Time 2020-02-09 05:14:43.500; Dfile Name D20200209_051444.5
AVAPS-LOG,2020-02-09 05:14:47.540Z,10665.435,5,Sounding Launch Obs identified OK; LLA source is Aircraft Data System
AVAPS-LOG,2020-02-09 05:15:40.839Z,10718.734,8,Sounding START request
AVAPS-LOG,2020-02-09 05:15:41.242Z,10719.137,8,Sounding files created
AVAPS-LOG,2020-02-09 05:15:44.739Z,10722.633,8,Sounding frequency 404.50 selected by operator
AVAPS-LOG,2020-02-09 05:15:56.368Z,10734.263,,Sonde 192741084 GPS Aiding OK for all 12 of 12 messages.
AVAPS-LOG,2020-02-09 05:16:14.591Z,10752.486,8,Sonde 192741084 factory pressure error value is 0.000 mb
AVAPS-LOG,2020-02-09 05:16:16.408Z,10754.303,8,Sonde 192741084 Preview OK by operator
AVAPS-LOG,2020-02-09 05:16:19.138Z,10757.033,8,Sounding data collection started by operator
AVAPS-LOG,2020-02-09 05:16:29.039Z,10766.934,8,CHANNEL 8 READY for launch
AVAPS-LOG,2020-02-09 05:20:22.040Z,10999.935,6,Sonde 191720843 Launch Detect; Launch Time 2020-02-09 05:20:18.000; Dfile Name D20200209_052018.6
AVAPS-LOG,2020-02-09 05:20:22.040Z,10999.935,6,Sounding Launch Obs identified OK; LLA source is Aircraft Data System
AVAPS-LOG,2020-02-09 05:24:41.439Z,11259.334,4,Sounding STOP request
AVAPS-LOG,2020-02-09 05:24:48.295Z,11266.190,4,Sounding files closed
AVAPS-LOG,2020-02-09 05:24:48.297Z,11266.192,4,Sounding files renamed
AVAPS-LOG,2020-02-09 05:24:48.603Z,11266.498,4,Sounding ENDED
AVAPS-LOG,2020-02-09 05:25:33.857Z,11311.752,5,Sounding STOP request
AVAPS-LOG,2020-02-09 05:25:40.297Z,11318.192,5,Sounding files closed
AVAPS-LOG,2020-02-09 05:25:40.302Z,11318.197,5,Sounding files renamed
AVAPS-LOG,2020-02-09 05:25:40.598Z,11318.493,5,Sounding ENDED
AVAPS-LOG,2020-02-09 05:26:05.040Z,11342.935,7,Sonde 192740639 Launch Detect; Launch Time 2020-02-09 05:26:01.000; Dfile Name D20200209_052601.7
AVAPS-LOG,2020-02-09 05:26:05.040Z,11342.935,7,Sounding Launch Obs identified OK; LLA source is Aircraft Data System
AVAPS-LOG,2020-02-09 05:31:38.553Z,11676.448,6,Sounding STOP request
AVAPS-LOG,2020-02-09 05:31:45.489Z,11683.384,6,Sounding files closed
AVAPS-LOG,2020-02-09 05:31:45.492Z,11683.387,6,Sounding files renamed
AVAPS-LOG,2020-02-09 05:31:45.805Z,11683.700,6,Sounding ENDED
AVAPS-LOG,2020-02-09 05:32:18.789Z,11716.684,8,Sonde 192741084 Launch Detect; Launch Time 2020-02-09 05:32:14.750; Dfile Name D20200209_053215.8
AVAPS-LOG,2020-02-09 05:32:18.789Z,11716.684,8,Sounding Launch Obs identified OK; LLA source is Aircraft Data System
AVAPS-LOG,2020-02-09 05:42:20.238Z,12318.133,7,Sounding STOP request
AVAPS-LOG,2020-02-09 05:42:27.929Z,12325.824,7,Sounding files closed
AVAPS-LOG,2020-02-09 05:42:27.932Z,12325.827,7,Sounding files renamed
AVAPS-LOG,2020-02-09 05:42:28.251Z,12326.146,7,Sounding ENDED
AVAPS-LOG,2020-02-09 05:42:51.240Z,12349.135,8,Sounding STOP request
AVAPS-LOG,2020-02-09 05:43:00.287Z,12358.182,8,Sounding files closed
AVAPS-LOG,2020-02-09 05:43:00.292Z,12358.187,8,Sounding files renamed
AVAPS-LOG,2020-02-09 05:43:00.600Z,12358.495,8,Sounding ENDED
AVAPS-LOG,2020-02-09 05:48:54.638Z,12712.533,1,Sounding START request
AVAPS-LOG,2020-02-09 05:48:55.042Z,12712.937,1,Sounding files created
AVAPS-LOG,2020-02-09 05:48:55.168Z,12713.062,,PC Clock set to: 2020-02-09 05:48:55.168 using GPS Reference Receiver data - PC Clock error was: 0.091 sec
AVAPS-LOG,2020-02-09 05:49:39.247Z,12757.142,1,Sounding frequency 404.50 selected by operator
AVAPS-LOG,2020-02-09 05:49:50.858Z,12768.753,,Sonde 184750354 GPS Aiding OK for all 12 of 12 messages.
AVAPS-LOG,2020-02-09 05:50:04.500Z,12782.395,1,Sonde 184750354 factory pressure error value is 0.000 mb
AVAPS-LOG,2020-02-09 05:50:06.328Z,12784.223,1,Sonde 184750354 Preview OK by operator
AVAPS-LOG,2020-02-09 05:50:15.747Z,12793.642,1,Sounding data collection started by operator
AVAPS-LOG,2020-02-09 05:50:25.049Z,12802.944,1,CHANNEL 1 READY for launch
AVAPS-LOG,2020-02-09 05:51:07.148Z,12845.043,2,Sounding START request
AVAPS-LOG,2020-02-09 05:51:07.551Z,12845.446,2,Sounding files created
AVAPS-LOG,2020-02-09 05:51:11.947Z,12849.842,2,Sounding frequency 405.50 selected by operator
AVAPS-LOG,2020-02-09 05:51:26.867Z,12864.762,,Sonde 191640470 GPS Aiding OK for all 12 of 12 messages.
AVAPS-LOG,2020-02-09 05:52:04.251Z,12902.146,2,Sonde 191640470 pressure error value entered manually as -0.500 mb
AVAPS-LOG,2020-02-09 05:52:06.067Z,12903.962,2,Sonde 191640470 Preview OK by operator
AVAPS-LOG,2020-02-09 05:52:09.048Z,12906.943,2,Sounding data collection started by operator
AVAPS-LOG,2020-02-09 05:52:19.048Z,12916.943,2,CHANNEL 2 READY for launch
AVAPS-LOG,2020-02-09 05:53:05.431Z,12963.326,3,Sounding START request
AVAPS-LOG,2020-02-09 05:53:05.751Z,12963.646,3,Sounding files created
AVAPS-LOG,2020-02-09 05:53:10.247Z,12968.142,3,Sounding frequency 400.50 selected by operator
AVAPS-LOG,2020-02-09 05:53:22.058Z,12979.953,,Sonde 185130802 GPS Aiding OK for all 12 of 12 messages.
AVAPS-LOG,2020-02-09 05:53:36.501Z,12994.396,3,Sonde 185130802 factory pressure error value is 0.000 mb
AVAPS-LOG,2020-02-09 05:53:38.318Z,12996.213,3,Sonde 185130802 Preview OK by operator
AVAPS-LOG,2020-02-09 05:53:44.347Z,13002.242,3,Sounding data collection started by operator
AVAPS-LOG,2020-02-09 05:53:54.049Z,13011.944,3,CHANNEL 3 READY for launch
AVAPS-LOG,2020-02-09 05:57:53.798Z,13251.693,1,Sonde 184750354 Launch Detect; Launch Time 2020-02-09 05:57:49.750; Dfile Name D20200209_055750.1
AVAPS-LOG,2020-02-09 05:57:53.798Z,13251.693,1,Sounding Launch Obs identified OK; LLA source is Aircraft Data System
AVAPS-LOG,2020-02-09 05:58:38.747Z,13296.642,4,Sounding START request
AVAPS-LOG,2020-02-09 05:58:39.151Z,13297.046,4,Sounding files created
AVAPS-LOG,2020-02-09 05:58:42.947Z,13300.842,4,Sounding frequency 401.50 selected by operator
AVAPS-LOG,2020-02-09 05:58:54.438Z,13312.333,,Sonde 000007000 GPS Aiding OK for all 11 of 11 messages.
AVAPS-LOG,2020-02-09 05:59:09.152Z,13327.047,,Sounding pre-launch program aborted by operator
AVAPS-LOG,2020-02-09 05:59:09.498Z,13327.393,4,Sonde 000007000 factory pressure error value is 0.000 mb
AVAPS-LOG,2020-02-09 05:59:09.499Z,13327.394,4,Sonde 000007000 Preview aborted by operator
AVAPS-LOG,2020-02-09 05:59:09.520Z,13327.415,4,Sounding files closed
AVAPS-LOG,2020-02-09 05:59:09.522Z,13327.417,4,Sounding files deleted
AVAPS-LOG,2020-02-09 05:59:09.523Z,13327.418,4,Sounding ENDED
AVAPS-LOG,2020-02-09 05:59:12.176Z,13330.071,4,Sounding START request
AVAPS-LOG,2020-02-09 05:59:12.552Z,13330.447,4,Sounding files created
AVAPS-LOG,2020-02-09 05:59:23.447Z,13341.342,4,Sounding frequency 402.50 selected by operator
AVAPS-LOG,2020-02-09 05:59:40.227Z,13358.122,,Sonde 000000000 GPS Aiding OK for all 11 of 11 messages.
AVAPS-LOG,2020-02-09 05:59:51.727Z,13369.622,,Sounding pre-launch program aborted by operator
AVAPS-LOG,2020-02-09 05:59:51.766Z,13369.661,,Sounding pre-launch program aborted by operator
AVAPS-LOG,2020-02-09 05:59:51.997Z,13369.892,4,Sonde 000000000 factory pressure error value is 0.000 mb
AVAPS-LOG,2020-02-09 05:59:51.998Z,13369.893,4,Sonde 000000000 Preview aborted by operator
AVAPS-LOG,2020-02-09 05:59:52.021Z,13369.916,4,Sounding files closed
AVAPS-LOG,2020-02-09 05:59:52.035Z,13369.930,4,Sounding files deleted
AVAPS-LOG,2020-02-09 05:59:52.036Z,13369.931,4,Sounding ENDED
AVAPS-LOG,2020-02-09 06:00:38.752Z,13416.647,4,Sounding START request
AVAPS-LOG,2020-02-09 06:00:39.152Z,13417.047,4,Sounding files created
AVAPS-LOG,2020-02-09 06:00:49.347Z,13427.242,4,Sounding frequency 401.50 selected by operator
AVAPS-LOG,2020-02-09 06:01:00.867Z,13438.762,,Sonde 184750336 GPS Aiding OK for all 12 of 12 messages.
AVAPS-LOG,2020-02-09 06:01:19.500Z,13457.395,4,Sonde 184750336 factory pressure error value is 0.000 mb
AVAPS-LOG,2020-02-09 06:01:21.317Z,13459.212,4,Sonde 184750336 Preview OK by operator
AVAPS-LOG,2020-02-09 06:01:23.347Z,13461.242,4,Sounding data collection started by operator
AVAPS-LOG,2020-02-09 06:01:33.047Z,13470.942,4,CHANNEL 4 READY for launch
AVAPS-LOG,2020-02-09 06:03:10.298Z,13568.193,2,Sonde 191640470 Launch Detect; Launch Time 2020-02-09 06:03:06.250; Dfile Name D20200209_060306.2
AVAPS-LOG,2020-02-09 06:03:10.299Z,13568.194,2,Sounding Launch Obs identified OK; LLA source is Aircraft Data System
AVAPS-LOG,2020-02-09 06:03:49.969Z,13607.864,5,Sounding START request
AVAPS-LOG,2020-02-09 06:03:50.352Z,13608.247,5,Sounding files created
AVAPS-LOG,2020-02-09 06:03:54.447Z,13612.342,5,Sounding frequency 402.50 selected by operator
AVAPS-LOG,2020-02-09 06:04:06.058Z,13623.953,,Sonde 191020513 GPS Aiding OK for all 12 of 12 messages.
AVAPS-LOG,2020-02-09 06:04:22.751Z,13640.646,5,Sonde 191020513 factory pressure error value is 0.000 mb
AVAPS-LOG,2020-02-09 06:04:24.578Z,13642.473,5,Sonde 191020513 Preview OK by operator
AVAPS-LOG,2020-02-09 06:04:41.749Z,13659.644,5,Sounding data collection started by operator
AVAPS-LOG,2020-02-09 06:04:51.047Z,13668.942,5,CHANNEL 5 READY for launch
AVAPS-LOG,2020-02-09 06:08:17.548Z,13875.443,3,Sonde 185130802 Launch Detect; Launch Time 2020-02-09 06:08:13.500; Dfile Name D20200209_060814.3
AVAPS-LOG,2020-02-09 06:08:17.549Z,13875.444,3,Sounding Launch Obs identified OK; LLA source is Aircraft Data System
AVAPS-LOG,2020-02-09 06:08:50.948Z,13908.843,6,Sounding START request
AVAPS-LOG,2020-02-09 06:08:51.352Z,13909.247,6,Sounding files created
AVAPS-LOG,2020-02-09 06:08:56.347Z,13914.242,6,Sounding frequency 403.50 selected by operator
AVAPS-LOG,2020-02-09 06:09:07.757Z,13925.652,,Sonde 000007000 GPS Aiding OK for all 12 of 12 messages.
AVAPS-LOG,2020-02-09 06:09:21.248Z,13939.143,6,Sonde 000007000 factory pressure error value is 0.000 mb
AVAPS-LOG,2020-02-09 06:09:21.250Z,13939.145,6,Sonde 000007000 Preview aborted by operator
AVAPS-LOG,2020-02-09 06:09:23.949Z,13941.844,,Sounding pre-launch program aborted by operator
AVAPS-LOG,2020-02-09 06:09:24.148Z,13942.043,6,Sounding frequency 403.50 selected by operator
AVAPS-LOG,2020-02-09 06:09:24.405Z,13942.300,6,Sounding files closed
AVAPS-LOG,2020-02-09 06:09:24.407Z,13942.302,6,Sounding files deleted
AVAPS-LOG,2020-02-09 06:09:24.407Z,13942.302,6,Sounding ENDED
AVAPS-LOG,2020-02-09 06:10:05.808Z,13983.703,6,Sounding START request
AVAPS-LOG,2020-02-09 06:10:06.151Z,13984.046,6,Sounding files created
AVAPS-LOG,2020-02-09 06:10:08.947Z,13986.842,6,Sounding frequency 403.50 selected by operator
AVAPS-LOG,2020-02-09 06:10:20.657Z,13998.552,,Sonde 192741759 GPS Aiding OK for all 12 of 12 messages.
AVAPS-LOG,2020-02-09 06:10:35.000Z,14012.895,6,Sonde 192741759 factory pressure error value is 0.000 mb
AVAPS-LOG,2020-02-09 06:10:36.827Z,14014.722,6,Sonde 192741759 Preview OK by operator
AVAPS-LOG,2020-02-09 06:11:01.647Z,14039.542,6,Sounding data collection started by operator
AVAPS-LOG,2020-02-09 06:11:11.047Z,14048.942,6,CHANNEL 6 READY for launch
AVAPS-LOG,2020-02-09 06:12:40.968Z,14138.863,1,Sounding STOP request
AVAPS-LOG,2020-02-09 06:12:49.816Z,14147.711,1,Sounding files closed
AVAPS-LOG,2020-02-09 06:12:49.819Z,14147.714,1,Sounding files renamed
AVAPS-LOG,2020-02-09 06:12:50.108Z,14148.003,1,Sounding ENDED
AVAPS-LOG,2020-02-09 06:13:09.550Z,14167.445,4,Sonde 184750336 Launch Detect; Launch Time 2020-02-09 06:13:05.500; Dfile Name D20200209_061306.4
AVAPS-LOG,2020-02-09 06:13:09.550Z,14167.445,4,Sounding Launch Obs identified OK; LLA source is Aircraft Data System
AVAPS-LOG,2020-02-09 06:16:23.553Z,14361.448,2,Sounding STOP request
AVAPS-LOG,2020-02-09 06:16:30.403Z,14368.298,2,Sounding files closed
AVAPS-LOG,2020-02-09 06:16:30.408Z,14368.303,2,Sounding files renamed
AVAPS-LOG,2020-02-09 06:16:30.707Z,14368.602,2,Sounding ENDED
AVAPS-LOG,2020-02-09 06:16:50.948Z,14388.843,7,Sounding START request
AVAPS-LOG,2020-02-09 06:16:51.351Z,14389.246,7,Sounding files created
AVAPS-LOG,2020-02-09 06:16:57.148Z,14395.043,7,Sounding frequency 404.50 selected by operator
AVAPS-LOG,2020-02-09 06:17:08.737Z,14406.632,,Sonde 191720787 GPS Aiding OK for all 12 of 12 messages.
AVAPS-LOG,2020-02-09 06:17:23.001Z,14420.896,7,Sonde 191720787 pressure error value entered manually as -0.500 mb
AVAPS-LOG,2020-02-09 06:17:24.817Z,14422.712,7,Sonde 191720787 Preview OK by operator
AVAPS-LOG,2020-02-09 06:17:27.047Z,14424.942,7,Sounding data collection started by operator
AVAPS-LOG,2020-02-09 06:17:37.047Z,14434.942,7,CHANNEL 7 READY for launch
AVAPS-LOG,2020-02-09 06:18:02.298Z,14460.193,5,Sonde 191020513 Launch Detect; Launch Time 2020-02-09 06:17:58.250; Dfile Name D20200209_061758.5
AVAPS-LOG,2020-02-09 06:18:02.299Z,14460.194,5,Sounding Launch Obs identified OK; LLA source is Aircraft Data System
AVAPS-LOG,2020-02-09 06:19:10.784Z,14528.679,3,Sounding STOP request
AVAPS-LOG,2020-02-09 06:19:16.398Z,14534.293,3,Sounding files closed
AVAPS-LOG,2020-02-09 06:19:16.401Z,14534.296,3,Sounding files renamed
AVAPS-LOG,2020-02-09 06:19:16.702Z,14534.597,3,Sounding ENDED
AVAPS-LOG,2020-02-09 06:19:21.850Z,14539.745,8,Sounding START request
AVAPS-LOG,2020-02-09 06:19:22.152Z,14540.047,8,Sounding files created
AVAPS-LOG,2020-02-09 06:19:25.847Z,14543.742,8,Sounding frequency 405.50 selected by operator
AVAPS-LOG,2020-02-09 06:19:37.657Z,14555.552,,Sonde 184010165 GPS Aiding OK for all 12 of 12 messages.
AVAPS-LOG,2020-02-09 06:19:53.002Z,14570.897,8,Sonde 184010165 pressure error value entered manually as -0.600 mb
AVAPS-LOG,2020-02-09 06:19:54.817Z,14572.712,8,Sonde 184010165 Preview OK by operator
AVAPS-LOG,2020-02-09 06:19:57.547Z,14575.442,8,Sounding data collection started by operator
AVAPS-LOG,2020-02-09 06:20:07.048Z,14584.943,8,CHANNEL 8 READY for launch
AVAPS-LOG,2020-02-09 06:22:40.549Z,14738.444,6,Sonde 192741759 Launch Detect; Launch Time 2020-02-09 06:22:36.500; Dfile Name D20200209_062236.6
AVAPS-LOG,2020-02-09 06:22:40.549Z,14738.444,6,Sounding Launch Obs identified OK; LLA source is Aircraft Data System
AVAPS-LOG,2020-02-09 06:23:08.152Z,14766.047,1,Sounding START request
AVAPS-LOG,2020-02-09 06:23:08.551Z,14766.446,1,Sounding files created
AVAPS-LOG,2020-02-09 06:23:12.047Z,14769.942,1,Sounding frequency 400.50 selected by operator
AVAPS-LOG,2020-02-09 06:23:23.448Z,14781.343,,Sonde 191820281 GPS Aiding OK for all 12 of 12 messages.
AVAPS-LOG,2020-02-09 06:23:36.251Z,14794.146,1,Sonde 191820281 factory pressure error value is 0.000 mb
AVAPS-LOG,2020-02-09 06:23:38.078Z,14795.973,1,Sonde 191820281 Preview OK by operator
AVAPS-LOG,2020-02-09 06:23:41.347Z,14799.242,1,Sounding data collection started by operator
AVAPS-LOG,2020-02-09 06:23:51.048Z,14808.943,1,CHANNEL 1 READY for launch
AVAPS-LOG,2020-02-09 06:24:36.129Z,14854.024,4,Sounding STOP request
AVAPS-LOG,2020-02-09 06:24:42.410Z,14860.305,4,Sounding files closed
AVAPS-LOG,2020-02-09 06:24:42.414Z,14860.309,4,Sounding files renamed
AVAPS-LOG,2020-02-09 06:24:42.715Z,14860.610,4,Sounding ENDED
AVAPS-LOG,2020-02-09 06:27:20.049Z,15017.944,7,Sonde 191720787 Launch Detect; Launch Time 2020-02-09 06:27:16.000; Dfile Name D20200209_062716.7
AVAPS-LOG,2020-02-09 06:27:20.049Z,15017.944,7,Sounding Launch Obs identified OK; LLA source is Aircraft Data System
AVAPS-LOG,2020-02-09 06:32:17.548Z,15315.443,8,Sonde 184010165 Launch Detect; Launch Time 2020-02-09 06:32:13.500; Dfile Name D20200209_063214.8
AVAPS-LOG,2020-02-09 06:32:17.549Z,15315.444,8,Sounding Launch Obs identified OK; LLA source is Aircraft Data System
AVAPS-LOG,2020-02-09 06:32:34.148Z,15332.043,5,Sounding STOP request
AVAPS-LOG,2020-02-09 06:32:40.201Z,15338.096,5,Sounding files closed
AVAPS-LOG,2020-02-09 06:32:40.205Z,15338.100,5,Sounding files renamed
AVAPS-LOG,2020-02-09 06:32:40.512Z,15338.407,5,Sounding ENDED
AVAPS-LOG,2020-02-09 06:33:42.348Z,15400.243,6,Sounding STOP request
AVAPS-LOG,2020-02-09 06:33:58.809Z,15416.704,6,Sounding files closed
AVAPS-LOG,2020-02-09 06:33:58.813Z,15416.708,6,Sounding files renamed
AVAPS-LOG,2020-02-09 06:33:59.107Z,15417.002,6,Sounding ENDED
AVAPS-LOG,2020-02-09 06:34:08.149Z,15426.044,2,Sounding START request
AVAPS-LOG,2020-02-09 06:34:08.553Z,15426.448,2,Sounding files created
AVAPS-LOG,2020-02-09 06:34:23.848Z,15441.743,2,Sounding frequency 401.50 selected by operator
AVAPS-LOG,2020-02-09 06:34:35.647Z,15453.542,,Sonde 192620603 GPS Aiding OK for all 12 of 12 messages.
AVAPS-LOG,2020-02-09 06:34:49.251Z,15467.146,2,Sonde 192620603 factory pressure error value is 0.000 mb
AVAPS-LOG,2020-02-09 06:34:51.077Z,15468.972,2,Sonde 192620603 Preview OK by operator
AVAPS-LOG,2020-02-09 06:34:57.649Z,15475.543,2,Sounding data collection started by operator
AVAPS-LOG,2020-02-09 06:35:07.048Z,15484.943,2,CHANNEL 2 READY for launch
AVAPS-LOG,2020-02-09 06:35:33.149Z,15511.044,3,Sounding START request
AVAPS-LOG,2020-02-09 06:35:33.553Z,15511.448,3,Sounding files created
AVAPS-LOG,2020-02-09 06:35:42.047Z,15519.942,3,Sounding frequency 402.50 selected by operator
AVAPS-LOG,2020-02-09 06:35:53.358Z,15531.253,,Sonde 192040876 GPS Aiding OK for all 11 of 11 messages.
AVAPS-LOG,2020-02-09 06:36:33.501Z,15571.396,3,Sonde 192040876 factory pressure error value is 0.000 mb
AVAPS-LOG,2020-02-09 06:36:35.327Z,15573.222,3,Sonde 192040876 Preview OK by operator
AVAPS-LOG,2020-02-09 06:36:38.848Z,15576.743,3,Sounding data collection started by operator
AVAPS-LOG,2020-02-09 06:36:48.048Z,15585.943,3,CHANNEL 3 READY for launch
AVAPS-LOG,2020-02-09 06:37:34.298Z,15632.193,1,Sonde 191820281 Launch Detect; Launch Time 2020-02-09 06:37:30.250; Dfile Name D20200209_063730.1
AVAPS-LOG,2020-02-09 06:37:34.299Z,15632.194,1,Sounding Launch Obs identified OK; LLA source is Aircraft Data System
AVAPS-LOG,2020-02-09 06:40:27.348Z,15805.243,7,Sounding STOP request
AVAPS-LOG,2020-02-09 06:40:34.214Z,15812.109,7,Sounding files closed
AVAPS-LOG,2020-02-09 06:40:34.218Z,15812.113,7,Sounding files renamed
AVAPS-LOG,2020-02-09 06:40:34.508Z,15812.403,7,Sounding ENDED
AVAPS-LOG,2020-02-09 06:43:42.799Z,16000.694,2,Sonde 192620603 Launch Detect; Launch Time 2020-02-09 06:43:38.750; Dfile Name D20200209_064339.2
AVAPS-LOG,2020-02-09 06:43:42.800Z,16000.695,2,Sounding Launch Obs identified OK; LLA source is Aircraft Data System
AVAPS-LOG,2020-02-09 06:44:55.949Z,16073.844,4,Sounding START request
AVAPS-LOG,2020-02-09 06:44:56.353Z,16074.248,4,Sounding files created
AVAPS-LOG,2020-02-09 06:45:00.347Z,16078.242,4,Sounding frequency 403.50 selected by operator
AVAPS-LOG,2020-02-09 06:45:11.738Z,16089.633,,Sonde 191640168 GPS Aiding OK for all 11 of 11 messages.
AVAPS-LOG,2020-02-09 06:45:33.251Z,16111.146,4,Sonde 191640168 pressure error value entered manually as -0.600 mb
AVAPS-LOG,2020-02-09 06:45:35.067Z,16112.962,4,Sonde 191640168 Preview OK by operator
AVAPS-LOG,2020-02-09 06:45:37.047Z,16114.942,4,Sounding data collection started by operator
AVAPS-LOG,2020-02-09 06:45:47.049Z,16124.944,4,CHANNEL 4 READY for launch
AVAPS-LOG,2020-02-09 06:46:24.948Z,16162.843,8,Sounding STOP request
AVAPS-LOG,2020-02-09 06:46:31.213Z,16169.108,8,Sounding files closed
AVAPS-LOG,2020-02-09 06:46:31.218Z,16169.113,8,Sounding files renamed
AVAPS-LOG,2020-02-09 06:46:31.523Z,16169.418,8,Sounding ENDED
AVAPS-LOG,2020-02-09 06:47:09.618Z,16207.513,5,Sounding START request
AVAPS-LOG,2020-02-09 06:47:09.951Z,16207.846,5,Sounding files created
AVAPS-LOG,2020-02-09 06:47:18.147Z,16216.042,5,Sounding frequency 404.50 selected by operator
AVAPS-LOG,2020-02-09 06:47:29.347Z,16227.242,,Sonde 191010453 GPS Aiding OK for all 11 of 11 messages.
AVAPS-LOG,2020-02-09 06:47:44.500Z,16242.395,5,Sonde 191010453 factory pressure error value is 0.000 mb
AVAPS-LOG,2020-02-09 06:47:46.327Z,16244.222,5,Sonde 191010453 Preview OK by operator
AVAPS-LOG,2020-02-09 06:47:48.048Z,16245.943,5,Sounding data collection started by operator
AVAPS-LOG,2020-02-09 06:47:58.048Z,16255.943,5,CHANNEL 5 READY for launch
AVAPS-LOG,2020-02-09 06:48:27.049Z,16284.944,3,Sonde 192040876 Launch Detect; Launch Time 2020-02-09 06:48:23.000; Dfile Name D20200209_064823.3
AVAPS-LOG,2020-02-09 06:48:27.050Z,16284.945,3,Sounding Launch Obs identified OK; LLA source is Aircraft Data System
AVAPS-LOG,2020-02-09 06:49:26.148Z,16344.043,6,Sounding START request
AVAPS-LOG,2020-02-09 06:49:26.552Z,16344.447,6,Sounding files created
AVAPS-LOG,2020-02-09 06:49:30.047Z,16347.942,6,Sounding frequency 405.50 selected by operator
AVAPS-LOG,2020-02-09 06:49:41.227Z,16359.122,,Sonde 184750403 GPS Aiding OK for all 11 of 11 messages.
AVAPS-LOG,2020-02-09 06:49:54.502Z,16372.397,6,Sonde 184750403 factory pressure error value is 0.000 mb
AVAPS-LOG,2020-02-09 06:49:56.327Z,16374.222,6,Sonde 184750403 Preview OK by operator
AVAPS-LOG,2020-02-09 06:49:58.147Z,16376.042,6,Sounding data collection started by operator
AVAPS-LOG,2020-02-09 06:50:08.048Z,16385.943,6,CHANNEL 6 READY for launch
AVAPS-LOG,2020-02-09 06:50:49.548Z,16427.443,1,Sounding STOP request
AVAPS-LOG,2020-02-09 06:50:55.821Z,16433.716,1,Sounding files closed
AVAPS-LOG,2020-02-09 06:50:55.824Z,16433.719,1,Sounding files renamed
AVAPS-LOG,2020-02-09 06:50:56.128Z,16434.023,1,Sounding ENDED
AVAPS-LOG,2020-02-09 06:53:54.299Z,16612.193,4,Sonde 191640168 Launch Detect; Launch Time 2020-02-09 06:53:50.250; Dfile Name D20200209_065350.4
AVAPS-LOG,2020-02-09 06:53:54.300Z,16612.194,4,Sounding Launch Obs identified OK; LLA source is Aircraft Data System
AVAPS-LOG,2020-02-09 06:59:37.749Z,16955.644,2,Sounding STOP request
AVAPS-LOG,2020-02-09 06:59:44.571Z,16962.466,2,Sounding files closed
AVAPS-LOG,2020-02-09 06:59:44.575Z,16962.470,2,Sounding files renamed
AVAPS-LOG,2020-02-09 06:59:44.873Z,16962.768,2,Sounding ENDED
AVAPS-LOG,2020-02-09 06:59:52.042Z,16969.937,3,Sounding STOP request
AVAPS-LOG,2020-02-09 07:00:00.613Z,16978.508,3,Sounding files closed
AVAPS-LOG,2020-02-09 07:00:00.617Z,16978.512,3,Sounding files renamed
AVAPS-LOG,2020-02-09 07:00:00.912Z,16978.807,3,Sounding ENDED
AVAPS-LOG,2020-02-09 07:04:47.948Z,17265.843,4,Sounding STOP request
AVAPS-LOG,2020-02-09 07:04:53.999Z,17271.894,4,Sounding files closed
AVAPS-LOG,2020-02-09 07:04:54.002Z,17271.897,4,Sounding files renamed
AVAPS-LOG,2020-02-09 07:04:54.282Z,17272.177,4,Sounding ENDED
AVAPS-LOG,2020-02-09 07:45:35.048Z,19712.943,5,Sonde 191010453 Launch Detect; Launch Time 2020-02-09 07:45:31.000; Dfile Name D20200209_074531.5
AVAPS-LOG,2020-02-09 07:45:35.049Z,19712.944,5,Sounding Launch Obs identified OK; LLA source is Aircraft Data System
AVAPS-LOG,2020-02-09 07:48:20.148Z,19878.043,7,Sounding START request
AVAPS-LOG,2020-02-09 07:48:20.551Z,19878.446,7,Sounding files created
AVAPS-LOG,2020-02-09 07:48:24.748Z,19882.643,7,Sounding frequency 400.50 selected by operator
AVAPS-LOG,2020-02-09 07:48:35.927Z,19893.822,,Sonde 192620470 GPS Aiding OK for all 11 of 11 messages.
AVAPS-LOG,2020-02-09 07:49:57.250Z,19975.145,7,Sonde 192620470 pressure error value entered manually as -1.200 mb
AVAPS-LOG,2020-02-09 07:49:59.077Z,19976.972,7,Sonde 192620470 Preview OK by operator
AVAPS-LOG,2020-02-09 07:50:01.547Z,19979.442,7,Sounding data collection started by operator
AVAPS-LOG,2020-02-09 07:50:11.049Z,19988.944,7,CHANNEL 7 READY for launch
AVAPS-LOG,2020-02-09 07:50:36.049Z,20013.944,6,Sonde 184750403 Launch Detect; Launch Time 2020-02-09 07:50:32.000; Dfile Name D20200209_075032.6
AVAPS-LOG,2020-02-09 07:50:36.049Z,20013.944,6,Sounding Launch Obs identified OK; LLA source is Aircraft Data System
AVAPS-LOG,2020-02-09 07:53:04.525Z,20162.420,8,Sounding START request
AVAPS-LOG,2020-02-09 07:53:04.752Z,20162.647,8,Sounding files created
AVAPS-LOG,2020-02-09 07:53:08.548Z,20166.443,8,Sounding frequency 401.50 selected by operator
AVAPS-LOG,2020-02-09 07:53:19.617Z,20177.512,,Sonde 192450583 GPS Aiding OK for all 10 of 10 messages.
AVAPS-LOG,2020-02-09 07:53:35.000Z,20192.895,8,Sonde 192450583 factory pressure error value is 0.000 mb
AVAPS-LOG,2020-02-09 07:53:36.827Z,20194.722,8,Sonde 192450583 Preview OK by operator
AVAPS-LOG,2020-02-09 07:53:38.648Z,20196.543,8,Sounding data collection started by operator
AVAPS-LOG,2020-02-09 07:53:48.048Z,20205.943,8,CHANNEL 8 READY for launch
AVAPS-LOG,2020-02-09 07:54:54.798Z,20272.693,7,Sonde 192620470 Launch Detect; Launch Time 2020-02-09 07:54:50.750; Dfile Name D20200209_075451.7
AVAPS-LOG,2020-02-09 07:54:54.798Z,20272.693,7,Sounding Launch Obs identified OK; LLA source is Aircraft Data System
AVAPS-LOG,2020-02-09 07:55:58.606Z,20336.501,5,Sounding STOP request
AVAPS-LOG,2020-02-09 07:56:04.809Z,20342.704,5,Sounding files closed
AVAPS-LOG,2020-02-09 07:56:04.814Z,20342.709,5,Sounding files renamed
AVAPS-LOG,2020-02-09 07:56:05.219Z,20343.114,5,Sounding ENDED
AVAPS-LOG,2020-02-09 07:56:09.148Z,20347.043,6,Sounding STOP request
AVAPS-LOG,2020-02-09 07:56:16.206Z,20354.101,6,Sounding files closed
AVAPS-LOG,2020-02-09 07:56:16.212Z,20354.107,6,Sounding files renamed
AVAPS-LOG,2020-02-09 07:56:16.587Z,20354.482,6,Sounding ENDED
AVAPS-LOG,2020-02-09 08:00:45.548Z,20623.443,8,Sonde 192450583 Launch Detect; Launch Time 2020-02-09 08:00:41.500; Dfile Name D20200209_080042.8
AVAPS-LOG,2020-02-09 08:00:45.549Z,20623.444,8,Sounding Launch Obs identified OK; LLA source is Aircraft Data System
AVAPS-LOG,2020-02-09 08:11:34.278Z,21272.173,7,Sounding STOP request
AVAPS-LOG,2020-02-09 08:11:40.004Z,21277.899,7,Sounding files closed
AVAPS-LOG,2020-02-09 08:11:40.008Z,21277.903,7,Sounding files renamed
AVAPS-LOG,2020-02-09 08:11:40.244Z,21278.139,7,Sounding ENDED
AVAPS-LOG,2020-02-09 08:11:40.869Z,21278.764,8,Sounding STOP request
AVAPS-LOG,2020-02-09 08:11:48.201Z,21286.096,8,Sounding files closed
AVAPS-LOG,2020-02-09 08:11:48.207Z,21286.102,8,Sounding files renamed
AVAPS-LOG,2020-02-09 08:11:48.423Z,21286.318,8,Sounding ENDED
